Cisco,英特尔
Cisco,公司
Cisco,AT&T
Cisco,Microsoft
Cisco,Intel
Cisco,微软
Cisco,IBM
Cisco,思科公司
Cisco,Yahoo
Cisco,雅虎
英特尔,公司
英特尔,AT&T
英特尔,Microsoft
英特尔,Intel
英特尔,微软
英特尔,IBM
英特尔,思科公司
英特尔,Yahoo
英特尔,雅虎
公司,AT&T
公司,Microsoft
公司,Intel
公司,微软
公司,IBM
公司,思科公司
公司,Yahoo
公司,雅虎
AT&T,Microsoft
AT&T,Intel
AT&T,微软
AT&T,IBM
AT&T,思科公司
AT&T,Yahoo
AT&T,雅虎
Microsoft,Intel
Microsoft,微软
Microsoft,IBM
Microsoft,思科公司
Microsoft,Yahoo
Microsoft,雅虎
Intel,微软
Intel,IBM
Intel,思科公司
Intel,Yahoo
Intel,雅虎
微软,IBM
微软,思科公司
微软,Yahoo
微软,雅虎
IBM,思科公司
IBM,Yahoo
IBM,雅虎
思科公司,Yahoo
思科公司,雅虎
Yahoo,雅虎
SBC,翰
SBC,美国
SBC,NCR
SBC,三家
SBC,公司
SBC,弗伦
SBC,AT&T
SBC,新泽西州
SBC,公园
SBC,临湖
SBC,实验室
SBC,朗讯
SBC,法国
翰,美国
翰,NCR
翰,三家
翰,公司
翰,弗伦
翰,AT&T
翰,新泽西州
翰,公园
翰,临湖
翰,实验室
翰,朗讯
翰,法国
美国,NCR
美国,三家
美国,公司
美国,弗伦
美国,AT&T
美国,新泽西州
美国,公园
美国,临湖
美国,实验室
美国,朗讯
美国,法国
NCR,三家
NCR,公司
NCR,弗伦
NCR,AT&T
NCR,新泽西州
NCR,公园
NCR,临湖
NCR,实验室
NCR,朗讯
NCR,法国
三家,公司
三家,弗伦
三家,AT&T
三家,新泽西州
三家,公园
三家,临湖
三家,实验室
三家,朗讯
三家,法国
公司,弗伦
公司,AT&T
公司,新泽西州
公司,公园
公司,临湖
公司,实验室
公司,朗讯
公司,法国
弗伦,AT&T
弗伦,新泽西州
弗伦,公园
弗伦,临湖
弗伦,实验室
弗伦,朗讯
弗伦,法国
AT&T,新泽西州
AT&T,公园
AT&T,临湖
AT&T,实验室
AT&T,朗讯
AT&T,法国
新泽西州,公园
新泽西州,临湖
新泽西州,实验室
新泽西州,朗讯
新泽西州,法国
公园,临湖
公园,实验室
公园,朗讯
公园,法国
临湖,实验室
临湖,朗讯
临湖,法国
实验室,朗讯
实验室,法国
朗讯,法国
电话,美国
电话,公司
电话,AT&T
电话,纽约
电话,欧洲
电话,旧金山
电话,亚历山大
电话,地区
电话,贝尔
电话,电报
电话,芝加哥
美国,公司
美国,AT&T
美国,纽约
美国,欧洲
美国,旧金山
美国,亚历山大
美国,地区
美国,贝尔
美国,电报
美国,芝加哥
公司,AT&T
公司,纽约
公司,欧洲
公司,旧金山
公司,亚历山大
公司,地区
公司,贝尔
公司,电报
公司,芝加哥
AT&T,纽约
AT&T,欧洲
AT&T,旧金山
AT&T,亚历山大
AT&T,地区
AT&T,贝尔
AT&T,电报
AT&T,芝加哥
纽约,欧洲
纽约,旧金山
纽约,亚历山大
纽约,地区
纽约,贝尔
纽约,电报
纽约,芝加哥
欧洲,旧金山
欧洲,亚历山大
欧洲,地区
欧洲,贝尔
欧洲,电报
欧洲,芝加哥
旧金山,亚历山大
旧金山,地区
旧金山,贝尔
旧金山,电报
旧金山,芝加哥
亚历山大,地区
亚历山大,贝尔
亚历山大,电报
亚历山大,芝加哥
地区,贝尔
地区,电报
地区,芝加哥
贝尔,电报
贝尔,芝加哥
电报,芝加哥
AT&T,公司
AT&T,贝尔
AT&T,美国
AT&T,公司
AT&T,加拿大
贝尔,美国
贝尔,公司
贝尔,加拿大
美国,公司
美国,加拿大
公司,加拿大
AT&T,美国
公司,AT&T
公司,中国
公司,接见
公司,主席
公司,梅毅强
公司,国家
公司,江泽民
AT&T,中国
AT&T,接见
AT&T,主席
AT&T,梅毅强
AT&T,国家
AT&T,江泽民
中国,接见
中国,主席
中国,梅毅强
中国,国家
中国,江泽民
接见,主席
接见,梅毅强
接见,国家
接见,江泽民
主席,梅毅强
主席,国家
主席,江泽民
梅毅强,国家
梅毅强,江泽民
国家,江泽民
AT&T,公司
美国,公司
美国,AT&T
美国,西南
美国,utility
美国,小
美国,贝尔
公司,AT&T
公司,西南
公司,utility
公司,小
公司,贝尔
AT&T,西南
AT&T,utility
AT&T,小
AT&T,贝尔
西南,utility
西南,小
西南,贝尔
utility,小
utility,贝尔
小,贝尔
AT&T,美国
美国,三十家
美国,公司
美国,AT&T
美国,道琼斯
美国,大
美国,支柱产业
三十家,公司
三十家,AT&T
三十家,道琼斯
三十家,大
三十家,支柱产业
公司,AT&T
公司,道琼斯
公司,大
公司,支柱产业
AT&T,道琼斯
AT&T,大
AT&T,支柱产业
道琼斯,大
道琼斯,支柱产业
大,支柱产业
美国,公司
美国,AT&T
美国,小得多
美国,司法部
美国,加拿大
美国,美国市场
美国,金斯堡
公司,AT&T
公司,小得多
公司,司法部
公司,加拿大
公司,美国市场
公司,金斯堡
AT&T,小得多
AT&T,司法部
AT&T,加拿大
AT&T,美国市场
AT&T,金斯堡
小得多,司法部
小得多,加拿大
小得多,美国市场
小得多,金斯堡
司法部,加拿大
司法部,美国市场
司法部,金斯堡
加拿大,美国市场
加拿大,金斯堡
美国市场,金斯堡
美国,美国股市
看到,一点
看到,公司
看到,华尔街
看到,弗伦
一点,公司
一点,华尔街
一点,弗伦
公司,华尔街
公司,弗伦
华尔街,弗伦
AT&T,朗讯
AT&T,公司
AT&T,华尔街
朗讯,公司
朗讯,华尔街
公司,华尔街
AT&T,华尔街
AT&T,公司
AT&T,人大
华尔街,公司
华尔街,人大
公司,人大
公司,预期
公司,一般来讲
公司,注
公司,朗讯
公司,阿尔卡特
公司,华尔街
公司,法国
预期,一般来讲
预期,注
预期,朗讯
预期,阿尔卡特
预期,华尔街
预期,法国
一般来讲,注
一般来讲,朗讯
一般来讲,阿尔卡特
一般来讲,华尔街
一般来讲,法国
注,朗讯
注,阿尔卡特
注,华尔街
注,法国
朗讯,阿尔卡特
朗讯,华尔街
朗讯,法国
阿尔卡特,华尔街
阿尔卡特,法国
华尔街,法国
四个,美国
四个,公司
四个,AT&T
四个,纽约
四个,宽带
四个,华尔街
四个,工程院
美国,公司
美国,AT&T
美国,纽约
美国,宽带
美国,华尔街
美国,工程院
公司,AT&T
公司,纽约
公司,宽带
公司,华尔街
公司,工程院
AT&T,纽约
AT&T,宽带
AT&T,华尔街
AT&T,工程院
纽约,宽带
纽约,华尔街
纽约,工程院
宽带,华尔街
宽带,工程院
华尔街,工程院
美国,中国
AT&T,高管
AT&T,华尔街
高管,华尔街
卡斯帕罗夫,六盘
卡斯帕罗夫,IBM
卡斯帕罗夫,公司
卡斯帕罗夫,深蓝
六盘,IBM
六盘,公司
六盘,深蓝
IBM,公司
IBM,深蓝
公司,深蓝
IBM,公司
霍勒,美国
霍勒,托马斯
霍勒,里斯
美国,托马斯
美国,里斯
托马斯,里斯
罗斯福,德国
美国,曼哈顿
美国,杜鲁门
毛,美国
毛,艾
毛,公司
毛,大学
毛,名字
毛,人
毛,中国
毛,宾西法尼亚
毛,奇莱
毛,科特
毛,统计局
毛,两个
毛,诺伊曼
毛,冯
毛,从此
美国,艾
美国,公司
美国,大学
美国,名字
美国,人
美国,中国
美国,宾西法尼亚
美国,奇莱
美国,科特
美国,统计局
美国,两个
美国,诺伊曼
美国,冯
美国,从此
艾,公司
艾,大学
艾,名字
艾,人
艾,中国
艾,宾西法尼亚
艾,奇莱
艾,科特
艾,统计局
艾,两个
艾,诺伊曼
艾,冯
艾,从此
公司,大学
公司,名字
公司,人
公司,中国
公司,宾西法尼亚
公司,奇莱
公司,科特
公司,统计局
公司,两个
公司,诺伊曼
公司,冯
公司,从此
大学,名字
大学,人
大学,中国
大学,宾西法尼亚
大学,奇莱
大学,科特
大学,统计局
大学,两个
大学,诺伊曼
大学,冯
大学,从此
名字,人
名字,中国
名字,宾西法尼亚
名字,奇莱
名字,科特
名字,统计局
名字,两个
名字,诺伊曼
名字,冯
名字,从此
人,中国
人,宾西法尼亚
人,奇莱
人,科特
人,统计局
人,两个
人,诺伊曼
人,冯
人,从此
中国,宾西法尼亚
中国,奇莱
中国,科特
中国,统计局
中国,两个
中国,诺伊曼
中国,冯
中国,从此
宾西法尼亚,奇莱
宾西法尼亚,科特
宾西法尼亚,统计局
宾西法尼亚,两个
宾西法尼亚,诺伊曼
宾西法尼亚,冯
宾西法尼亚,从此
奇莱,科特
奇莱,统计局
奇莱,两个
奇莱,诺伊曼
奇莱,冯
奇莱,从此
科特,统计局
科特,两个
科特,诺伊曼
科特,冯
科特,从此
统计局,两个
统计局,诺伊曼
统计局,冯
统计局,从此
两个,诺伊曼
两个,冯
两个,从此
诺伊曼,冯
诺伊曼,从此
冯,从此
诺伊曼,小华生
DEC,公司
美国司法部,美国
美国司法部,美国政府
美国司法部,司法部
美国,美国政府
美国,司法部
美国政府,司法部
史蒂夫,美国司法部
史蒂夫,乔布斯
史蒂夫,凯利
美国司法部,乔布斯
美国司法部,凯利
乔布斯,凯利
微软,中国
小华生,老华生
小华生,费劲儿
老华生,费劲儿
Compaq,Dell
Compaq,康柏
Compaq,公司
Compaq,美国司法部
Compaq,戴尔
Compaq,微软
Dell,康柏
Dell,公司
Dell,美国司法部
Dell,戴尔
Dell,微软
康柏,公司
康柏,美国司法部
康柏,戴尔
康柏,微软
公司,美国司法部
公司,戴尔
公司,微软
美国司法部,戴尔
美国司法部,微软
戴尔,微软
盖茨,拿破仑
盖茨,攻城
盖茨,凯撒
盖茨,比尔
拿破仑,攻城
拿破仑,凯撒
拿破仑,比尔
攻城,凯撒
攻城,比尔
凯撒,比尔
微软,美国
微软,盖茨
微软,公司
微软,DR
美国,盖茨
美国,公司
美国,DR
盖茨,公司
盖茨,DR
公司,DR
服务性,郭士纳
服务性,美国
服务性,公司
服务性,软件
服务性,服务
服务性,核心
服务性,高科技
服务性,最大
服务性,计算机硬件
服务性,信用卡
服务性,IBM
服务性,运通
服务性,制造
郭士纳,美国
郭士纳,公司
郭士纳,软件
郭士纳,服务
郭士纳,核心
郭士纳,高科技
郭士纳,最大
郭士纳,计算机硬件
郭士纳,信用卡
郭士纳,IBM
郭士纳,运通
郭士纳,制造
美国,公司
美国,软件
美国,服务
美国,核心
美国,高科技
美国,最大
美国,计算机硬件
美国,信用卡
美国,IBM
美国,运通
美国,制造
公司,软件
公司,服务
公司,核心
公司,高科技
公司,最大
公司,计算机硬件
公司,信用卡
公司,IBM
公司,运通
公司,制造
软件,服务
软件,核心
软件,高科技
软件,最大
软件,计算机硬件
软件,信用卡
软件,IBM
软件,运通
软件,制造
服务,核心
服务,高科技
服务,最大
服务,计算机硬件
服务,信用卡
服务,IBM
服务,运通
服务,制造
核心,高科技
核心,最大
核心,计算机硬件
核心,信用卡
核心,IBM
核心,运通
核心,制造
高科技,最大
高科技,计算机硬件
高科技,信用卡
高科技,IBM
高科技,运通
高科技,制造
最大,计算机硬件
最大,信用卡
最大,IBM
最大,运通
最大,制造
计算机硬件,信用卡
计算机硬件,IBM
计算机硬件,运通
计算机硬件,制造
信用卡,IBM
信用卡,运通
信用卡,制造
IBM,运通
IBM,制造
运通,制造
IBM,公司
郭士纳,美国
大学,郭士纳
大学,几十所
郭士纳,几十所
技术,郭士纳
技术,确立
技术,公司
技术,IBM
技术,服务型
郭士纳,确立
郭士纳,公司
郭士纳,IBM
郭士纳,服务型
确立,公司
确立,IBM
确立,服务型
公司,IBM
公司,服务型
IBM,服务型
计算机系统,银行
计算机系统,美国
计算机系统,五分钟
计算机系统,主要
银行,美国
银行,五分钟
银行,主要
美国,五分钟
美国,主要
五分钟,主要
惠普,美国
惠普,公司
美国,公司
哈撒韦,技术
哈撒韦,郭士纳
哈撒韦,公司
哈撒韦,希尔
哈撒韦,巴菲特
哈撒韦,文艺复兴
哈撒韦,HedgeFund
哈撒韦,伯克
哈撒韦,华尔街
技术,郭士纳
技术,公司
技术,希尔
技术,巴菲特
技术,文艺复兴
技术,HedgeFund
技术,伯克
技术,华尔街
郭士纳,公司
郭士纳,希尔
郭士纳,巴菲特
郭士纳,文艺复兴
郭士纳,HedgeFund
郭士纳,伯克
郭士纳,华尔街
公司,希尔
公司,巴菲特
公司,文艺复兴
公司,HedgeFund
公司,伯克
公司,华尔街
希尔,巴菲特
希尔,文艺复兴
希尔,HedgeFund
希尔,伯克
希尔,华尔街
巴菲特,文艺复兴
巴菲特,HedgeFund
巴菲特,伯克
巴菲特,华尔街
文艺复兴,HedgeFund
文艺复兴,伯克
文艺复兴,华尔街
HedgeFund,伯克
HedgeFund,华尔街
伯克,华尔街
中国,日本
美国,公司
美国,中国
公司,中国
惠普,公司
史蒂夫,乔布斯
史蒂夫,盖茨
史蒂夫,美国
史蒂夫,比尔
史蒂夫,没有
史蒂夫,大学
史蒂夫,唯一
史蒂夫,乔布斯
史蒂夫,工程院
盖茨,美国
盖茨,比尔
盖茨,没有
盖茨,大学
盖茨,唯一
盖茨,乔布斯
盖茨,工程院
美国,比尔
美国,没有
美国,大学
美国,唯一
美国,乔布斯
美国,工程院
比尔,没有
比尔,大学
比尔,唯一
比尔,乔布斯
比尔,工程院
没有,大学
没有,唯一
没有,乔布斯
没有,工程院
大学,唯一
大学,乔布斯
大学,工程院
唯一,乔布斯
唯一,工程院
乔布斯,工程院
美国,斯蒂芬
美国,电子
美国,沃兹
美国,中国
美国,工业部
美国,尼克
美国,乔布斯
美国,韦恩
美国,清华大学
斯蒂芬,电子
斯蒂芬,沃兹
斯蒂芬,中国
斯蒂芬,工业部
斯蒂芬,尼克
斯蒂芬,乔布斯
斯蒂芬,韦恩
斯蒂芬,清华大学
电子,沃兹
电子,中国
电子,工业部
电子,尼克
电子,乔布斯
电子,韦恩
电子,清华大学
沃兹,中国
沃兹,工业部
沃兹,尼克
沃兹,乔布斯
沃兹,韦恩
沃兹,清华大学
中国,工业部
中国,尼克
中国,乔布斯
中国,韦恩
中国,清华大学
工业部,尼克
工业部,乔布斯
工业部,韦恩
工业部,清华大学
尼克,乔布斯
尼克,韦恩
尼克,清华大学
乔布斯,韦恩
乔布斯,清华大学
韦恩,清华大学
托什,乔布斯
所在地,操作系统
所在地,公司
所在地,软件
所在地,核心
所在地,帕罗
所在地,微软
所在地,斯坦福大学
所在地,实验室
所在地,托什
操作系统,公司
操作系统,软件
操作系统,核心
操作系统,帕罗
操作系统,微软
操作系统,斯坦福大学
操作系统,实验室
操作系统,托什
公司,软件
公司,核心
公司,帕罗
公司,微软
公司,斯坦福大学
公司,实验室
公司,托什
软件,核心
软件,帕罗
软件,微软
软件,斯坦福大学
软件,实验室
软件,托什
核心,帕罗
核心,微软
核心,斯坦福大学
核心,实验室
核心,托什
帕罗,微软
帕罗,斯坦福大学
帕罗,实验室
帕罗,托什
微软,斯坦福大学
微软,实验室
微软,托什
斯坦福大学,实验室
斯坦福大学,托什
实验室,托什
斯,公司
斯,JohnSculley
斯,库利
斯,百事可乐
斯,乔布斯
公司,JohnSculley
公司,库利
公司,百事可乐
公司,乔布斯
JohnSculley,库利
JohnSculley,百事可乐
JohnSculley,乔布斯
库利,百事可乐
库利,乔布斯
百事可乐,乔布斯
牛顿,库利
牛顿,卢卡斯
牛顿,很强
牛顿,和斯
牛顿,乔布斯
库利,卢卡斯
库利,很强
库利,和斯
库利,乔布斯
卢卡斯,很强
卢卡斯,和斯
卢卡斯,乔布斯
很强,和斯
很强,乔布斯
和斯,乔布斯
斯,公司
斯,阿甘
斯,库利
斯,微软
斯,IBM
斯,牛顿
斯,太阳
斯,乔布斯
公司,阿甘
公司,库利
公司,微软
公司,IBM
公司,牛顿
公司,太阳
公司,乔布斯
阿甘,库利
阿甘,微软
阿甘,IBM
阿甘,牛顿
阿甘,太阳
阿甘,乔布斯
库利,微软
库利,IBM
库利,牛顿
库利,太阳
库利,乔布斯
微软,IBM
微软,牛顿
微软,太阳
微软,乔布斯
IBM,牛顿
IBM,太阳
IBM,乔布斯
牛顿,太阳
牛顿,乔布斯
太阳,乔布斯
微软,上风
微软,公司
微软,盖茨
上风,公司
上风,盖茨
公司,盖茨
董事会,赶走
董事会,美国
董事会,乔布斯
董事会,公司
赶走,美国
赶走,乔布斯
赶走,公司
美国,乔布斯
美国,公司
乔布斯,公司
微软,乔布斯
微软,乔布斯
微软,乔布斯
微软,库利
乔布斯,库利
微软,乔布斯
微软,库利
乔布斯,库利
微软,乔布斯
乔布斯,华尔街
公司,安德森
公司,美国
公司,毫无意义
公司,高科技
安德森,美国
安德森,毫无意义
安德森,高科技
美国,毫无意义
美国,高科技
毫无意义,高科技
微软,盖茨
微软,乔布斯
盖茨,乔布斯
托什,于微软
托什,乔布斯
于微软,乔布斯
盖茨,四百公里
戈登,摩尔
英特尔,中国
英特尔,斯坦福大学
英特尔,计算速度
英特尔,酷睿
英特尔,个人电脑
中国,斯坦福大学
中国,计算速度
中国,酷睿
中国,个人电脑
斯坦福大学,计算速度
斯坦福大学,酷睿
斯坦福大学,个人电脑
计算速度,酷睿
计算速度,个人电脑
酷睿,个人电脑
美国,摩尔
美国,公司
美国,YouTube
美国,戴尔
美国,微软
美国,惠普
美国,IT
摩尔,公司
摩尔,YouTube
摩尔,戴尔
摩尔,微软
摩尔,惠普
摩尔,IT
公司,YouTube
公司,戴尔
公司,微软
公司,惠普
公司,IT
YouTube,戴尔
YouTube,微软
YouTube,惠普
YouTube,IT
戴尔,微软
戴尔,惠普
戴尔,IT
微软,惠普
微软,IT
惠普,IT
盖茨,微软
盖茨,比尔
微软,比尔
微软,盖茨
厂,英特尔
厂,公司
厂,戴尔
厂,微软
厂,半导体
厂,华尔街
英特尔,公司
英特尔,戴尔
英特尔,微软
英特尔,半导体
英特尔,华尔街
公司,戴尔
公司,微软
公司,半导体
公司,华尔街
戴尔,微软
戴尔,半导体
戴尔,华尔街
微软,半导体
微软,华尔街
半导体,华尔街
微软,中国
通用,美国
通用,操作系统
通用,公司
通用,微软
通用,亚洲
美国,操作系统
美国,公司
美国,微软
美国,亚洲
操作系统,公司
操作系统,微软
操作系统,亚洲
公司,微软
公司,亚洲
微软,亚洲
公司,IT
公司,摩尔
公司,定理
公司,最大
IT,摩尔
IT,定理
IT,最大
摩尔,定理
摩尔,最大
定理,最大
美国股市,巴菲特
比大,公司
美国,摩尔
美国,约翰
美国,中国
美国,斯坦福大学
美国,贝尔
美国,查菲
美国,工程院
摩尔,约翰
摩尔,中国
摩尔,斯坦福大学
摩尔,贝尔
摩尔,查菲
摩尔,工程院
约翰,中国
约翰,斯坦福大学
约翰,贝尔
约翰,查菲
约翰,工程院
中国,斯坦福大学
中国,贝尔
中国,查菲
中国,工程院
斯坦福大学,贝尔
斯坦福大学,查菲
斯坦福大学,工程院
贝尔,查菲
贝尔,工程院
查菲,工程院
公司,要求
公司,摩尔
公司,定理
要求,摩尔
要求,定理
摩尔,定理
公司,小
公司,定理
公司,摩尔
公司,新兴
小,定理
小,摩尔
小,新兴
定理,摩尔
定理,新兴
摩尔,新兴
办好,美国
办好,公司
办好,风险投资
办好,机制
办好,高科技
美国,公司
美国,风险投资
美国,机制
美国,高科技
公司,风险投资
公司,机制
公司,高科技
风险投资,机制
风险投资,高科技
机制,高科技
盖茨,美国
盖茨,西市
盖茨,摩尔
盖茨,格罗夫
盖茨,旧金山
盖茨,微软
盖茨,安迪
盖茨,圣荷
盖茨,而安迪
美国,西市
美国,摩尔
美国,格罗夫
美国,旧金山
美国,微软
美国,安迪
美国,圣荷
美国,而安迪
西市,摩尔
西市,格罗夫
西市,旧金山
西市,微软
西市,安迪
西市,圣荷
西市,而安迪
摩尔,格罗夫
摩尔,旧金山
摩尔,微软
摩尔,安迪
摩尔,圣荷
摩尔,而安迪
格罗夫,旧金山
格罗夫,微软
格罗夫,安迪
格罗夫,圣荷
格罗夫,而安迪
旧金山,微软
旧金山,安迪
旧金山,圣荷
旧金山,而安迪
微软,安迪
微软,圣荷
微软,而安迪
安迪,圣荷
安迪,而安迪
圣荷,而安迪
公司,罗伯特
公司,DEC
公司,诺伊斯
公司,惠普
公司,IBM
公司,半导体
公司,Fairchild
罗伯特,DEC
罗伯特,诺伊斯
罗伯特,惠普
罗伯特,IBM
罗伯特,半导体
罗伯特,Fairchild
DEC,诺伊斯
DEC,惠普
DEC,IBM
DEC,半导体
DEC,Fairchild
诺伊斯,惠普
诺伊斯,IBM
诺伊斯,半导体
诺伊斯,Fairchild
惠普,IBM
惠普,半导体
惠普,Fairchild
IBM,半导体
IBM,Fairchild
半导体,Fairchild
美国,公司
美国,日本
美国,中国
美国,最大
美国,东京
美国,半导体
美国,三个
公司,日本
公司,中国
公司,最大
公司,东京
公司,半导体
公司,三个
日本,中国
日本,最大
日本,东京
日本,半导体
日本,三个
中国,最大
中国,东京
中国,半导体
中国,三个
最大,东京
最大,半导体
最大,三个
东京,半导体
东京,三个
半导体,三个
公司,美国
公司,半导体
公司,日本
美国,半导体
美国,日本
半导体,日本
公司,阿波罗
公司,日本
公司,迦太基
公司,半导体
公司,托什
阿波罗,日本
阿波罗,迦太基
阿波罗,半导体
阿波罗,托什
日本,迦太基
日本,半导体
日本,托什
迦太基,半导体
迦太基,托什
半导体,托什
微软,英特尔
美国,英特尔公司
美国,公司
美国,摩托罗拉
美国,硅谷
美国,两个
美国,典型
美国,伊利诺斯州
美国,高技术
英特尔公司,公司
英特尔公司,摩托罗拉
英特尔公司,硅谷
英特尔公司,两个
英特尔公司,典型
英特尔公司,伊利诺斯州
英特尔公司,高技术
公司,摩托罗拉
公司,硅谷
公司,两个
公司,典型
公司,伊利诺斯州
公司,高技术
摩托罗拉,硅谷
摩托罗拉,两个
摩托罗拉,典型
摩托罗拉,伊利诺斯州
摩托罗拉,高技术
硅谷,两个
硅谷,典型
硅谷,伊利诺斯州
硅谷,高技术
两个,典型
两个,伊利诺斯州
两个,高技术
典型,伊利诺斯州
典型,高技术
伊利诺斯州,高技术
加尔文,公司
加尔文,格罗夫
加尔文,家族
加尔文,典型
加尔文,克里斯托弗
加尔文,手里
公司,格罗夫
公司,家族
公司,典型
公司,克里斯托弗
公司,手里
格罗夫,家族
格罗夫,典型
格罗夫,克里斯托弗
格罗夫,手里
家族,典型
家族,克里斯托弗
家族,手里
典型,克里斯托弗
典型,手里
克里斯托弗,手里
斯坦福大学,特森
不归路,特森
不归路,美国
特森,美国
公司,半导体存储器
公司,处理器
公司,英特尔
公司,做起
半导体存储器,处理器
半导体存储器,英特尔
半导体存储器,做起
处理器,英特尔
处理器,做起
英特尔,做起
公司,加州
公司,AMD
加州,AMD
微软,美国
微软,亚利桑那州
微软,俄罗冈州
美国,亚利桑那州
美国,俄罗冈州
亚利桑那州,俄罗冈州
柳宗元,股值
彼得,美国
彼得,研究院
彼得,格
彼得,谷歌
美国,研究院
美国,格
美国,谷歌
研究院,格
研究院,谷歌
格,谷歌
Marvell,公司
公司,太阳
公司,英特尔
公司,销量
太阳,英特尔
太阳,销量
英特尔,销量
微软,IBM
微软,公司
微软,三大
IBM,公司
IBM,三大
公司,三大
于微软,公司
微软,中关村
加速器,Cisco
加速器,最高
加速器,美国
加速器,公司
加速器,韦钰
加速器,钱伯斯
加速器,互联网
加速器,大学
加速器,教育部
加速器,中国
加速器,同类
加速器,微软
加速器,李星
加速器,股值
加速器,线性
加速器,实验室
加速器,美国斯坦福大学
加速器,最早
加速器,思科
Cisco,最高
Cisco,美国
Cisco,公司
Cisco,韦钰
Cisco,钱伯斯
Cisco,互联网
Cisco,大学
Cisco,教育部
Cisco,中国
Cisco,同类
Cisco,微软
Cisco,李星
Cisco,股值
Cisco,线性
Cisco,实验室
Cisco,美国斯坦福大学
Cisco,最早
Cisco,思科
最高,美国
最高,公司
最高,韦钰
最高,钱伯斯
最高,互联网
最高,大学
最高,教育部
最高,中国
最高,同类
最高,微软
最高,李星
最高,股值
最高,线性
最高,实验室
最高,美国斯坦福大学
最高,最早
最高,思科
美国,公司
美国,韦钰
美国,钱伯斯
美国,互联网
美国,大学
美国,教育部
美国,中国
美国,同类
美国,微软
美国,李星
美国,股值
美国,线性
美国,实验室
美国,美国斯坦福大学
美国,最早
美国,思科
公司,韦钰
公司,钱伯斯
公司,互联网
公司,大学
公司,教育部
公司,中国
公司,同类
公司,微软
公司,李星
公司,股值
公司,线性
公司,实验室
公司,美国斯坦福大学
公司,最早
公司,思科
韦钰,钱伯斯
韦钰,互联网
韦钰,大学
韦钰,教育部
韦钰,中国
韦钰,同类
韦钰,微软
韦钰,李星
韦钰,股值
韦钰,线性
韦钰,实验室
韦钰,美国斯坦福大学
韦钰,最早
韦钰,思科
钱伯斯,互联网
钱伯斯,大学
钱伯斯,教育部
钱伯斯,中国
钱伯斯,同类
钱伯斯,微软
钱伯斯,李星
钱伯斯,股值
钱伯斯,线性
钱伯斯,实验室
钱伯斯,美国斯坦福大学
钱伯斯,最早
钱伯斯,思科
互联网,大学
互联网,教育部
互联网,中国
互联网,同类
互联网,微软
互联网,李星
互联网,股值
互联网,线性
互联网,实验室
互联网,美国斯坦福大学
互联网,最早
互联网,思科
大学,教育部
大学,中国
大学,同类
大学,微软
大学,李星
大学,股值
大学,线性
大学,实验室
大学,美国斯坦福大学
大学,最早
大学,思科
教育部,中国
教育部,同类
教育部,微软
教育部,李星
教育部,股值
教育部,线性
教育部,实验室
教育部,美国斯坦福大学
教育部,最早
教育部,思科
中国,同类
中国,微软
中国,李星
中国,股值
中国,线性
中国,实验室
中国,美国斯坦福大学
中国,最早
中国,思科
同类,微软
同类,李星
同类,股值
同类,线性
同类,实验室
同类,美国斯坦福大学
同类,最早
同类,思科
微软,李星
微软,股值
微软,线性
微软,实验室
微软,美国斯坦福大学
微软,最早
微软,思科
李星,股值
李星,线性
李星,实验室
李星,美国斯坦福大学
李星,最早
李星,思科
股值,线性
股值,实验室
股值,美国斯坦福大学
股值,最早
股值,思科
线性,实验室
线性,美国斯坦福大学
线性,最早
线性,思科
实验室,美国斯坦福大学
实验室,最早
实验室,思科
美国斯坦福大学,最早
美国斯坦福大学,思科
最早,思科
谷歌,公司
谷歌,标准
谷歌,萨克
谷歌,惠普
谷歌,奥纳多
谷歌,斯坦福
谷歌,太阳
谷歌,雅虎
谷歌,思科
公司,标准
公司,萨克
公司,惠普
公司,奥纳多
公司,斯坦福
公司,太阳
公司,雅虎
公司,思科
标准,萨克
标准,惠普
标准,奥纳多
标准,斯坦福
标准,太阳
标准,雅虎
标准,思科
萨克,惠普
萨克,奥纳多
萨克,斯坦福
萨克,太阳
萨克,雅虎
萨克,思科
惠普,奥纳多
惠普,斯坦福
惠普,太阳
惠普,雅虎
惠普,思科
奥纳多,斯坦福
奥纳多,太阳
奥纳多,雅虎
奥纳多,思科
斯坦福,太阳
斯坦福,雅虎
斯坦福,思科
太阳,雅虎
太阳,思科
雅虎,思科
大学,美国
大学,公司
大学,很多
美国,公司
美国,很多
公司,很多
基金会,美国
基金会,几个
基金会,超级计算机
基金会,公司
基金会,对接
基金会,大学
基金会,萨克
基金会,旧金山
基金会,自然科学
基金会,创始人
基金会,金门大桥
基金会,网络
基金会,意思
基金会,勒纳
基金会,中心
美国,几个
美国,超级计算机
美国,公司
美国,对接
美国,大学
美国,萨克
美国,旧金山
美国,自然科学
美国,创始人
美国,金门大桥
美国,网络
美国,意思
美国,勒纳
美国,中心
几个,超级计算机
几个,公司
几个,对接
几个,大学
几个,萨克
几个,旧金山
几个,自然科学
几个,创始人
几个,金门大桥
几个,网络
几个,意思
几个,勒纳
几个,中心
超级计算机,公司
超级计算机,对接
超级计算机,大学
超级计算机,萨克
超级计算机,旧金山
超级计算机,自然科学
超级计算机,创始人
超级计算机,金门大桥
超级计算机,网络
超级计算机,意思
超级计算机,勒纳
超级计算机,中心
公司,对接
公司,大学
公司,萨克
公司,旧金山
公司,自然科学
公司,创始人
公司,金门大桥
公司,网络
公司,意思
公司,勒纳
公司,中心
对接,大学
对接,萨克
对接,旧金山
对接,自然科学
对接,创始人
对接,金门大桥
对接,网络
对接,意思
对接,勒纳
对接,中心
大学,萨克
大学,旧金山
大学,自然科学
大学,创始人
大学,金门大桥
大学,网络
大学,意思
大学,勒纳
大学,中心
萨克,旧金山
萨克,自然科学
萨克,创始人
萨克,金门大桥
萨克,网络
萨克,意思
萨克,勒纳
萨克,中心
旧金山,自然科学
旧金山,创始人
旧金山,金门大桥
旧金山,网络
旧金山,意思
旧金山,勒纳
旧金山,中心
自然科学,创始人
自然科学,金门大桥
自然科学,网络
自然科学,意思
自然科学,勒纳
自然科学,中心
创始人,金门大桥
创始人,网络
创始人,意思
创始人,勒纳
创始人,中心
金门大桥,网络
金门大桥,意思
金门大桥,勒纳
金门大桥,中心
网络,意思
网络,勒纳
网络,中心
意思,勒纳
意思,中心
勒纳,中心
微软,AT&T
微软,公司
AT&T,公司
中国信息产业部,中国
公司,争辩
公司,认为
公司,朋友
公司,朗讯
公司,阿尔卡特
争辩,认为
争辩,朋友
争辩,朗讯
争辩,阿尔卡特
认为,朋友
认为,朗讯
认为,阿尔卡特
朋友,朗讯
朋友,阿尔卡特
朗讯,阿尔卡特
西班牙,葡萄牙
Cerent,公司
倒,公司
倒,钱伯斯
倒,萨克
倒,斯坦福大学
倒,小
倒,斯坦福
倒,思科
公司,钱伯斯
公司,萨克
公司,斯坦福大学
公司,小
公司,斯坦福
公司,思科
钱伯斯,萨克
钱伯斯,斯坦福大学
钱伯斯,小
钱伯斯,斯坦福
钱伯斯,思科
萨克,斯坦福大学
萨克,小
萨克,斯坦福
萨克,思科
斯坦福大学,小
斯坦福大学,斯坦福
斯坦福大学,思科
小,斯坦福
小,思科
斯坦福,思科
微软,华尔街
微软,阿尔卡特
微软,加拿大
微软,北电
华尔街,阿尔卡特
华尔街,加拿大
华尔街,北电
阿尔卡特,加拿大
阿尔卡特,北电
加拿大,北电
美国,影子
美国,公司
美国,思科
影子,公司
影子,思科
公司,思科
下面,研究所
下面,中国
下面,邮电部
研究所,中国
研究所,邮电部
中国,邮电部
美国,韩国
美国,公司
美国,日本
美国,中国
美国,美欧
美国,落脚
美国,华尔街
韩国,公司
韩国,日本
韩国,中国
韩国,美欧
韩国,落脚
韩国,华尔街
公司,日本
公司,中国
公司,美欧
公司,落脚
公司,华尔街
日本,中国
日本,美欧
日本,落脚
日本,华尔街
中国,美欧
中国,落脚
中国,华尔街
美欧,落脚
美欧,华尔街
落脚,华尔街
日本,华尔街
日本,公司
日本,中国
日本,本土
华尔街,公司
华尔街,中国
华尔街,本土
公司,中国
公司,本土
中国,本土
华为,美国
华为,亚洲
华为,公司
华为,中国
美国,亚洲
美国,公司
美国,中国
亚洲,公司
亚洲,中国
公司,中国
Juniper,公司
Juniper,思科
公司,思科
彼得,谷歌
彼得,研究院
彼得,格
谷歌,研究院
谷歌,格
研究院,格
Skype,公司
Skype,钱伯斯
Skype,图中
公司,钱伯斯
公司,图中
钱伯斯,图中
斯皮尔伯格,进度
斯皮尔伯格,电视台
斯皮尔伯格,张家
进度,电视台
进度,张家
电视台,张家
公司,华为
公司,制造
公司,中国
华为,制造
华为,中国
制造,中国
Compaq,康柏
Compaq,公司
Compaq,凯莉
Compaq,惠普
Compaq,Hewlett
Compaq,菲奥莉娜
Compaq,Packard
康柏,公司
康柏,凯莉
康柏,惠普
康柏,Hewlett
康柏,菲奥莉娜
康柏,Packard
公司,凯莉
公司,惠普
公司,Hewlett
公司,菲奥莉娜
公司,Packard
凯莉,惠普
凯莉,Hewlett
凯莉,菲奥莉娜
凯莉,Packard
惠普,Hewlett
惠普,菲奥莉娜
惠普,Packard
Hewlett,菲奥莉娜
Hewlett,Packard
菲奥莉娜,Packard
下,戴尔
下,DELL
下,公司
下,菲奥莉娜
戴尔,DELL
戴尔,公司
戴尔,菲奥莉娜
DELL,公司
DELL,菲奥莉娜
公司,菲奥莉娜
斯坦福,克特
公司,颐和园
公司,斯坦福大学
公司,工业园
公司,计算机
公司,斯坦福
公司,时代
颐和园,斯坦福大学
颐和园,工业园
颐和园,计算机
颐和园,斯坦福
颐和园,时代
斯坦福大学,工业园
斯坦福大学,计算机
斯坦福大学,斯坦福
斯坦福大学,时代
工业园,计算机
工业园,斯坦福
工业园,时代
计算机,斯坦福
计算机,时代
斯坦福,时代
斯坦福,中国
英特尔,惠普
英特尔,谷
英特尔,斯坦福
英特尔,歌排
英特尔,思科
惠普,谷
惠普,斯坦福
惠普,歌排
惠普,思科
谷,斯坦福
谷,歌排
谷,思科
斯坦福,歌排
斯坦福,思科
歌排,思科
营业额,最高
营业额,公司
营业额,计算机
最高,公司
最高,计算机
公司,计算机
巴菲特,蓝线
巴菲特,公司
巴菲特,代表
巴菲特,图中
蓝线,公司
蓝线,代表
蓝线,图中
公司,代表
公司,图中
代表,图中
中国,日本
美国,气力
美国,公司
美国,打开
美国,大学
美国,两家
美国,计算机
美国,中小
美国,研究所
气力,公司
气力,打开
气力,大学
气力,两家
气力,计算机
气力,中小
气力,研究所
公司,打开
公司,大学
公司,两家
公司,计算机
公司,中小
公司,研究所
打开,大学
打开,两家
打开,计算机
打开,中小
打开,研究所
大学,两家
大学,计算机
大学,中小
大学,研究所
两家,计算机
两家,中小
两家,研究所
计算机,中小
计算机,研究所
中小,研究所
郭士纳,康柏
郭士纳,休伊特
郭士纳,凯丽
郭士纳,公司
郭士纳,克特
郭士纳,菲奥莉娜
郭士纳,安捷伦
郭士纳,华尔街
康柏,休伊特
康柏,凯丽
康柏,公司
康柏,克特
康柏,菲奥莉娜
康柏,安捷伦
康柏,华尔街
休伊特,凯丽
休伊特,公司
休伊特,克特
休伊特,菲奥莉娜
休伊特,安捷伦
休伊特,华尔街
凯丽,公司
凯丽,克特
凯丽,菲奥莉娜
凯丽,安捷伦
凯丽,华尔街
公司,克特
公司,菲奥莉娜
公司,安捷伦
公司,华尔街
克特,菲奥莉娜
克特,安捷伦
克特,华尔街
菲奥莉娜,安捷伦
菲奥莉娜,华尔街
安捷伦,华尔街
德国,日本
德国,安捷伦
日本,安捷伦
公司,计算机硬件
公司,作用
公司,摩尔
公司,定理
计算机硬件,作用
计算机硬件,摩尔
计算机硬件,定理
作用,摩尔
作用,定理
摩尔,定理
中国,董事会
中国,惠普
中国,楚国
中国,菲奥莉娜
中国,安捷伦
董事会,惠普
董事会,楚国
董事会,菲奥莉娜
董事会,安捷伦
惠普,楚国
惠普,菲奥莉娜
惠普,安捷伦
楚国,菲奥莉娜
楚国,安捷伦
菲奥莉娜,安捷伦
最大,凯丽
最大,公司
最大,菲奥莉娜
最大,科技
凯丽,公司
凯丽,菲奥莉娜
凯丽,科技
公司,菲奥莉娜
公司,科技
菲奥莉娜,科技
公司,飞利浦
公司,AT&T
公司,合资
公司,菲奥莉娜
公司,朗讯
飞利浦,AT&T
飞利浦,合资
飞利浦,菲奥莉娜
飞利浦,朗讯
AT&T,合资
AT&T,菲奥莉娜
AT&T,朗讯
合资,菲奥莉娜
合资,朗讯
菲奥莉娜,朗讯
公司,美国股市
公司,巴菲特
公司,纽约股票交易所
公司,菲奥莉娜
公司,安捷伦
美国股市,巴菲特
美国股市,纽约股票交易所
美国股市,菲奥莉娜
美国股市,安捷伦
巴菲特,纽约股票交易所
巴菲特,菲奥莉娜
巴菲特,安捷伦
纽约股票交易所,菲奥莉娜
纽约股票交易所,安捷伦
菲奥莉娜,安捷伦
安捷伦,王小二
安捷伦,公司
安捷伦,菲奥莉娜
安捷伦,最大
王小二,公司
王小二,菲奥莉娜
王小二,最大
公司,菲奥莉娜
公司,最大
菲奥莉娜,最大
郭士纳,美国
郭士纳,世界
郭士纳,公司
郭士纳,康柏
郭士纳,格罗夫
郭士纳,赫德
郭士纳,最大
郭士纳,江河日下
郭士纳,菲奥莉娜
郭士纳,微机
美国,世界
美国,公司
美国,康柏
美国,格罗夫
美国,赫德
美国,最大
美国,江河日下
美国,菲奥莉娜
美国,微机
世界,公司
世界,康柏
世界,格罗夫
世界,赫德
世界,最大
世界,江河日下
世界,菲奥莉娜
世界,微机
公司,康柏
公司,格罗夫
公司,赫德
公司,最大
公司,江河日下
公司,菲奥莉娜
公司,微机
康柏,格罗夫
康柏,赫德
康柏,最大
康柏,江河日下
康柏,菲奥莉娜
康柏,微机
格罗夫,赫德
格罗夫,最大
格罗夫,江河日下
格罗夫,菲奥莉娜
格罗夫,微机
赫德,最大
赫德,江河日下
赫德,菲奥莉娜
赫德,微机
最大,江河日下
最大,菲奥莉娜
最大,微机
江河日下,菲奥莉娜
江河日下,微机
菲奥莉娜,微机
菲奥莉娜,美国
菲奥莉娜,华尔街
美国,华尔街
菲奥丽娜,帕
菲奥丽娜,休伊特
菲奥丽娜,菲奥莉娜
菲奥丽娜,克特
帕,休伊特
帕,菲奥莉娜
帕,克特
休伊特,菲奥莉娜
休伊特,克特
菲奥莉娜,克特
公司,变成
公司,IBM
公司,Sun
公司,菲奥莉娜
公司,电器
公司,科技
变成,IBM
变成,Sun
变成,菲奥莉娜
变成,电器
变成,科技
IBM,Sun
IBM,菲奥莉娜
IBM,电器
IBM,科技
Sun,菲奥莉娜
Sun,电器
Sun,科技
菲奥莉娜,电器
菲奥莉娜,科技
电器,科技
郭台铭,菲奥莉娜
郭台铭,亚洲
郭台铭,台湾
郭台铭,中国
菲奥莉娜,亚洲
菲奥莉娜,台湾
菲奥莉娜,中国
亚洲,台湾
亚洲,中国
台湾,中国
美国,韩国
美国,公司
美国,日本
美国,中国
美国,松下
美国,惠普
美国,日立
美国,亚洲
美国,欧美
韩国,公司
韩国,日本
韩国,中国
韩国,松下
韩国,惠普
韩国,日立
韩国,亚洲
韩国,欧美
公司,日本
公司,中国
公司,松下
公司,惠普
公司,日立
公司,亚洲
公司,欧美
日本,中国
日本,松下
日本,惠普
日本,日立
日本,亚洲
日本,欧美
中国,松下
中国,惠普
中国,日立
中国,亚洲
中国,欧美
松下,惠普
松下,日立
松下,亚洲
松下,欧美
惠普,日立
惠普,亚洲
惠普,欧美
日立,亚洲
日立,欧美
亚洲,欧美
郭台铭,公司
郭台铭,松下幸之助
郭台铭,任正非
郭台铭,亚洲
郭台铭,欧美
公司,松下幸之助
公司,任正非
公司,亚洲
公司,欧美
松下幸之助,任正非
松下幸之助,亚洲
松下幸之助,欧美
任正非,亚洲
任正非,欧美
亚洲,欧美
菲奥莉娜,华尔街
美国,公司
美国,赫德
美国,早期
美国,家电
美国,IBM
美国,惠普
美国,计算机
美国,研究院
美国,研究所
公司,赫德
公司,早期
公司,家电
公司,IBM
公司,惠普
公司,计算机
公司,研究院
公司,研究所
赫德,早期
赫德,家电
赫德,IBM
赫德,惠普
赫德,计算机
赫德,研究院
赫德,研究所
早期,家电
早期,IBM
早期,惠普
早期,计算机
早期,研究院
早期,研究所
家电,IBM
家电,惠普
家电,计算机
家电,研究院
家电,研究所
IBM,惠普
IBM,计算机
IBM,研究院
IBM,研究所
惠普,计算机
惠普,研究院
惠普,研究所
计算机,研究院
计算机,研究所
研究院,研究所
赫德,美国
最大,会员
最大,沃尔玛
最大,美国
最大,零售商
会员,沃尔玛
会员,美国
会员,零售商
沃尔玛,美国
沃尔玛,零售商
美国,零售商
赫德,亚洲
赫德,公司
赫德,科技
赫德,一家
亚洲,公司
亚洲,科技
亚洲,一家
公司,科技
公司,一家
科技,一家
公司,松下
公司,美国
公司,电器
公司,索尼
松下,美国
松下,电器
松下,索尼
美国,电器
美国,索尼
电器,索尼
盖茨,美国
盖茨,伊万
美国,伊万
美国,张图
加尔文,保罗
加尔文,美国
加尔文,后缀
保罗,美国
保罗,后缀
美国,后缀
加尔文,松下幸之助
加尔文,中国
松下幸之助,中国
长岛,美国
长岛,出租车
长岛,公司
长岛,纽约
长岛,警察
长岛,运输
长岛,曼哈顿
美国,出租车
美国,公司
美国,纽约
美国,警察
美国,运输
美国,曼哈顿
出租车,公司
出租车,纽约
出租车,警察
出租车,运输
出租车,曼哈顿
公司,纽约
公司,警察
公司,运输
公司,曼哈顿
纽约,警察
纽约,运输
纽约,曼哈顿
警察,运输
警察,曼哈顿
运输,曼哈顿
美国,日本
巨无霸,公司
欧洲,美国
委员会,公司
委员会,欧洲
委员会,芬兰
委员会,一家
委员会,中国
委员会,管理
委员会,爱立信
委员会,邮电
公司,欧洲
公司,芬兰
公司,一家
公司,中国
公司,管理
公司,爱立信
公司,邮电
欧洲,芬兰
欧洲,一家
欧洲,中国
欧洲,管理
欧洲,爱立信
欧洲,邮电
芬兰,一家
芬兰,中国
芬兰,管理
芬兰,爱立信
芬兰,邮电
一家,中国
一家,管理
一家,爱立信
一家,邮电
中国,管理
中国,爱立信
中国,邮电
管理,爱立信
管理,邮电
爱立信,邮电
欧洲,美国
李开复,小巧
李开复,公司
李开复,诺基亚
小巧,公司
小巧,诺基亚
公司,诺基亚
美国,公司
美国,日本
美国,三星
美国,诺基亚
美国,亚洲
公司,日本
公司,三星
公司,诺基亚
公司,亚洲
日本,三星
日本,诺基亚
日本,亚洲
三星,诺基亚
三星,亚洲
诺基亚,亚洲
三星,亚洲
三星,诺基亚
亚洲,诺基亚
盖茨,郭士纳
盖茨,摩尔
盖茨,格罗夫
盖茨,钱伯斯
盖茨,卡尔文
盖茨,杰克
盖茨,乔布斯
郭士纳,摩尔
郭士纳,格罗夫
郭士纳,钱伯斯
郭士纳,卡尔文
郭士纳,杰克
郭士纳,乔布斯
摩尔,格罗夫
摩尔,钱伯斯
摩尔,卡尔文
摩尔,杰克
摩尔,乔布斯
格罗夫,钱伯斯
格罗夫,卡尔文
格罗夫,杰克
格罗夫,乔布斯
钱伯斯,卡尔文
钱伯斯,杰克
钱伯斯,乔布斯
卡尔文,杰克
卡尔文,乔布斯
杰克,乔布斯
小得多,美国
小得多,哈拉
美国,哈拉
大众,戈尔
大众,美国
大众,杂志
大众,科学
戈尔,美国
戈尔,杂志
戈尔,科学
美国,杂志
美国,科学
杂志,科学
公司,摩托罗拉
法院,美国
法院,纽约
法院,联邦
美国,纽约
美国,联邦
纽约,联邦
美国,中国
AT&T,摩尔
加尔文,韦尔奇
欧洲,美国
欧洲,公司
欧洲,科技
美国,公司
美国,科技
公司,科技
加尔文,保罗
加尔文,克里斯托弗
加尔文,美国
保罗,克里斯托弗
保罗,美国
克里斯托弗,美国
加尔文,赫德
亚洲,中关村
亚洲,中国
中关村,中国
几家,公司
几家,中国
几家,摩托罗拉
公司,中国
公司,摩托罗拉
中国,摩托罗拉
盖茨,公司
盖茨,AT&T
盖茨,卡尔文
盖茨,摩托罗拉
盖茨,韦尔奇
盖茨,式
盖茨,贵族
公司,AT&T
公司,卡尔文
公司,摩托罗拉
公司,韦尔奇
公司,式
公司,贵族
AT&T,卡尔文
AT&T,摩托罗拉
AT&T,韦尔奇
AT&T,式
AT&T,贵族
卡尔文,摩托罗拉
卡尔文,韦尔奇
卡尔文,式
卡尔文,贵族
摩托罗拉,韦尔奇
摩托罗拉,式
摩托罗拉,贵族
韦尔奇,式
韦尔奇,贵族
式,贵族
美国,旧金山
美国,加州
美国,圣地亚哥
美国,洛杉矶
美国,旧金山湾
旧金山,加州
旧金山,圣地亚哥
旧金山,洛杉矶
旧金山,旧金山湾
加州,圣地亚哥
加州,洛杉矶
加州,旧金山湾
圣地亚哥,洛杉矶
圣地亚哥,旧金山湾
洛杉矶,旧金山湾
美国,太阳
美国,英特尔
美国,公司
美国,前
美国,斯坦福大学
美国,伯克利
美国,苹果
美国,百强
美国,雅虎
美国,思科
太阳,英特尔
太阳,公司
太阳,前
太阳,斯坦福大学
太阳,伯克利
太阳,苹果
太阳,百强
太阳,雅虎
太阳,思科
英特尔,公司
英特尔,前
英特尔,斯坦福大学
英特尔,伯克利
英特尔,苹果
英特尔,百强
英特尔,雅虎
英特尔,思科
公司,前
公司,斯坦福大学
公司,伯克利
公司,苹果
公司,百强
公司,雅虎
公司,思科
前,斯坦福大学
前,伯克利
前,苹果
前,百强
前,雅虎
前,思科
斯坦福大学,伯克利
斯坦福大学,苹果
斯坦福大学,百强
斯坦福大学,雅虎
斯坦福大学,思科
伯克利,苹果
伯克利,百强
伯克利,雅虎
伯克利,思科
苹果,百强
苹果,雅虎
苹果,思科
百强,雅虎
百强,思科
雅虎,思科
美国,加州
美国,地中海
加州,地中海
山庄,好莱坞
山庄,美国
山庄,佛利
山庄,豪宅
好莱坞,美国
好莱坞,佛利
好莱坞,豪宅
美国,佛利
美国,豪宅
佛利,豪宅
公司,东东
公司,费罗
公司,张三李四
公司,吉姆
公司,好莱坞
公司,com
公司,致远
公司,杨
公司,华尔街
公司,克拉克
公司,乔布斯
公司,王五
东东,费罗
东东,张三李四
东东,吉姆
东东,好莱坞
东东,com
东东,致远
东东,杨
东东,华尔街
东东,克拉克
东东,乔布斯
东东,王五
费罗,张三李四
费罗,吉姆
费罗,好莱坞
费罗,com
费罗,致远
费罗,杨
费罗,华尔街
费罗,克拉克
费罗,乔布斯
费罗,王五
张三李四,吉姆
张三李四,好莱坞
张三李四,com
张三李四,致远
张三李四,杨
张三李四,华尔街
张三李四,克拉克
张三李四,乔布斯
张三李四,王五
吉姆,好莱坞
吉姆,com
吉姆,致远
吉姆,杨
吉姆,华尔街
吉姆,克拉克
吉姆,乔布斯
吉姆,王五
好莱坞,com
好莱坞,致远
好莱坞,杨
好莱坞,华尔街
好莱坞,克拉克
好莱坞,乔布斯
好莱坞,王五
com,致远
com,杨
com,华尔街
com,克拉克
com,乔布斯
com,王五
致远,杨
致远,华尔街
致远,克拉克
致远,乔布斯
致远,王五
杨,华尔街
杨,克拉克
杨,乔布斯
杨,王五
华尔街,克拉克
华尔街,乔布斯
华尔街,王五
克拉克,乔布斯
克拉克,王五
乔布斯,王五
诸葛亮,麦克
诸葛亮,郭嘉
诸葛亮,科恩
麦克,郭嘉
麦克,科恩
郭嘉,科恩
谷歌,太阳
谷歌,公司
谷歌,Ebay
太阳,公司
太阳,Ebay
公司,Ebay
岔路,关门大吉
证监会,规定
证监会,美国
证监会,公司
证监会,中国
规定,美国
规定,公司
规定,中国
美国,公司
美国,中国
公司,中国
美国,IBMAlmaden
美国,纽约
美国,加州
美国,华生
美国,硅谷
美国,研究
美国,实验室
美国,中心
IBMAlmaden,纽约
IBMAlmaden,加州
IBMAlmaden,华生
IBMAlmaden,硅谷
IBMAlmaden,研究
IBMAlmaden,实验室
IBMAlmaden,中心
纽约,加州
纽约,华生
纽约,硅谷
纽约,研究
纽约,实验室
纽约,中心
加州,华生
加州,硅谷
加州,研究
加州,实验室
加州,中心
华生,硅谷
华生,研究
华生,实验室
华生,中心
硅谷,研究
硅谷,实验室
硅谷,中心
研究,实验室
研究,中心
实验室,中心
美国,公司
美国,日本
美国,加州
美国,绝大部分
美国,科技
公司,日本
公司,加州
公司,绝大部分
公司,科技
日本,加州
日本,绝大部分
日本,科技
加州,绝大部分
加州,科技
绝大部分,科技
美国,公司
美国,克拉拉
美国,大得多
美国,中国
美国,圣塔
美国,微软
美国,Ebay
美国,地区
美国,太阳
公司,克拉拉
公司,大得多
公司,中国
公司,圣塔
公司,微软
公司,Ebay
公司,地区
公司,太阳
克拉拉,大得多
克拉拉,中国
克拉拉,圣塔
克拉拉,微软
克拉拉,Ebay
克拉拉,地区
克拉拉,太阳
大得多,中国
大得多,圣塔
大得多,微软
大得多,Ebay
大得多,地区
大得多,太阳
中国,圣塔
中国,微软
中国,Ebay
中国,地区
中国,太阳
圣塔,微软
圣塔,Ebay
圣塔,地区
圣塔,太阳
微软,Ebay
微软,地区
微软,太阳
Ebay,地区
Ebay,太阳
地区,太阳
拉斯维加斯,莫斯科
拉斯维加斯,多明戈
莫斯科,多明戈
阿兰,多如牛毛
阿兰,拉里
阿兰,约翰
阿兰,尤
阿兰,埃里森
阿兰,斯坦福
阿兰,斯塔斯
阿兰,乔布斯
阿兰,多尔
多如牛毛,拉里
多如牛毛,约翰
多如牛毛,尤
多如牛毛,埃里森
多如牛毛,斯坦福
多如牛毛,斯塔斯
多如牛毛,乔布斯
多如牛毛,多尔
拉里,约翰
拉里,尤
拉里,埃里森
拉里,斯坦福
拉里,斯塔斯
拉里,乔布斯
拉里,多尔
约翰,尤
约翰,埃里森
约翰,斯坦福
约翰,斯塔斯
约翰,乔布斯
约翰,多尔
尤,埃里森
尤,斯坦福
尤,斯塔斯
尤,乔布斯
尤,多尔
埃里森,斯坦福
埃里森,斯塔斯
埃里森,乔布斯
埃里森,多尔
斯坦福,斯塔斯
斯坦福,乔布斯
斯坦福,多尔
斯塔斯,乔布斯
斯塔斯,多尔
乔布斯,多尔
谷歌,约翰
谷歌,公司
约翰,公司
纽约,李维
纽约,施特劳斯
纽约,旧金山
李维,施特劳斯
李维,旧金山
施特劳斯,旧金山
纽约,美国
纽约,公司
纽约,高盛
纽约,旧金山
美国,公司
美国,高盛
美国,旧金山
公司,高盛
公司,旧金山
高盛,旧金山
房地产,美国
房地产,墨西哥
美国,墨西哥
仙童,摩尔
仙童,罗伯特
仙童,公司
仙童,诺伊斯
仙童,戈登
仙童,半导体
仙童,RobertNoyce
摩尔,罗伯特
摩尔,公司
摩尔,诺伊斯
摩尔,戈登
摩尔,半导体
摩尔,RobertNoyce
罗伯特,公司
罗伯特,诺伊斯
罗伯特,戈登
罗伯特,半导体
罗伯特,RobertNoyce
公司,诺伊斯
公司,戈登
公司,半导体
公司,RobertNoyce
诺伊斯,戈登
诺伊斯,半导体
诺伊斯,RobertNoyce
戈登,半导体
戈登,RobertNoyce
半导体,RobertNoyce
谷歌,甲骨文
谷歌,美国
谷歌,英特尔
谷歌,公司
谷歌,俄罗冈州
谷歌,亚利桑那
谷歌,最大
谷歌,新
谷歌,惠普
谷歌,IBM
谷歌,苹果
谷歌,半导体
谷歌,雅虎
谷歌,思科
甲骨文,美国
甲骨文,英特尔
甲骨文,公司
甲骨文,俄罗冈州
甲骨文,亚利桑那
甲骨文,最大
甲骨文,新
甲骨文,惠普
甲骨文,IBM
甲骨文,苹果
甲骨文,半导体
甲骨文,雅虎
甲骨文,思科
美国,英特尔
美国,公司
美国,俄罗冈州
美国,亚利桑那
美国,最大
美国,新
美国,惠普
美国,IBM
美国,苹果
美国,半导体
美国,雅虎
美国,思科
英特尔,公司
英特尔,俄罗冈州
英特尔,亚利桑那
英特尔,最大
英特尔,新
英特尔,惠普
英特尔,IBM
英特尔,苹果
英特尔,半导体
英特尔,雅虎
英特尔,思科
公司,俄罗冈州
公司,亚利桑那
公司,最大
公司,新
公司,惠普
公司,IBM
公司,苹果
公司,半导体
公司,雅虎
公司,思科
俄罗冈州,亚利桑那
俄罗冈州,最大
俄罗冈州,新
俄罗冈州,惠普
俄罗冈州,IBM
俄罗冈州,苹果
俄罗冈州,半导体
俄罗冈州,雅虎
俄罗冈州,思科
亚利桑那,最大
亚利桑那,新
亚利桑那,惠普
亚利桑那,IBM
亚利桑那,苹果
亚利桑那,半导体
亚利桑那,雅虎
亚利桑那,思科
最大,新
最大,惠普
最大,IBM
最大,苹果
最大,半导体
最大,雅虎
最大,思科
新,惠普
新,IBM
新,苹果
新,半导体
新,雅虎
新,思科
惠普,IBM
惠普,苹果
惠普,半导体
惠普,雅虎
惠普,思科
IBM,苹果
IBM,半导体
IBM,雅虎
IBM,思科
苹果,半导体
苹果,雅虎
苹果,思科
半导体,雅虎
半导体,思科
雅虎,思科
规模,美国
规模,世界
规模,公司
规模,黄仁勋
规模,中国台湾
规模,台湾
规模,第三轮
规模,斯坦福大学
规模,计算机硬件
规模,伯克利
规模,第二轮
规模,东亚
规模,半导体
规模,斯坦福
规模,中大
规模,亚洲
美国,世界
美国,公司
美国,黄仁勋
美国,中国台湾
美国,台湾
美国,第三轮
美国,斯坦福大学
美国,计算机硬件
美国,伯克利
美国,第二轮
美国,东亚
美国,半导体
美国,斯坦福
美国,中大
美国,亚洲
世界,公司
世界,黄仁勋
世界,中国台湾
世界,台湾
世界,第三轮
世界,斯坦福大学
世界,计算机硬件
世界,伯克利
世界,第二轮
世界,东亚
世界,半导体
世界,斯坦福
世界,中大
世界,亚洲
公司,黄仁勋
公司,中国台湾
公司,台湾
公司,第三轮
公司,斯坦福大学
公司,计算机硬件
公司,伯克利
公司,第二轮
公司,东亚
公司,半导体
公司,斯坦福
公司,中大
公司,亚洲
黄仁勋,中国台湾
黄仁勋,台湾
黄仁勋,第三轮
黄仁勋,斯坦福大学
黄仁勋,计算机硬件
黄仁勋,伯克利
黄仁勋,第二轮
黄仁勋,东亚
黄仁勋,半导体
黄仁勋,斯坦福
黄仁勋,中大
黄仁勋,亚洲
中国台湾,台湾
中国台湾,第三轮
中国台湾,斯坦福大学
中国台湾,计算机硬件
中国台湾,伯克利
中国台湾,第二轮
中国台湾,东亚
中国台湾,半导体
中国台湾,斯坦福
中国台湾,中大
中国台湾,亚洲
台湾,第三轮
台湾,斯坦福大学
台湾,计算机硬件
台湾,伯克利
台湾,第二轮
台湾,东亚
台湾,半导体
台湾,斯坦福
台湾,中大
台湾,亚洲
第三轮,斯坦福大学
第三轮,计算机硬件
第三轮,伯克利
第三轮,第二轮
第三轮,东亚
第三轮,半导体
第三轮,斯坦福
第三轮,中大
第三轮,亚洲
斯坦福大学,计算机硬件
斯坦福大学,伯克利
斯坦福大学,第二轮
斯坦福大学,东亚
斯坦福大学,半导体
斯坦福大学,斯坦福
斯坦福大学,中大
斯坦福大学,亚洲
计算机硬件,伯克利
计算机硬件,第二轮
计算机硬件,东亚
计算机硬件,半导体
计算机硬件,斯坦福
计算机硬件,中大
计算机硬件,亚洲
伯克利,第二轮
伯克利,东亚
伯克利,半导体
伯克利,斯坦福
伯克利,中大
伯克利,亚洲
第二轮,东亚
第二轮,半导体
第二轮,斯坦福
第二轮,中大
第二轮,亚洲
东亚,半导体
东亚,斯坦福
东亚,中大
东亚,亚洲
半导体,斯坦福
半导体,中大
半导体,亚洲
斯坦福,中大
斯坦福,亚洲
中大,亚洲
硅谷,德国
硅谷,美国
硅谷,匹兹堡
德国,美国
德国,匹兹堡
美国,匹兹堡
微软,IBM
微软,公司
微软,小型机
IBM,公司
IBM,小型机
公司,小型机
代表,公司
代表,软件
代表,互联网
代表,微软
代表,三家
代表,Yahoo
公司,软件
公司,互联网
公司,微软
公司,三家
公司,Yahoo
软件,互联网
软件,微软
软件,三家
软件,Yahoo
互联网,微软
互联网,三家
互联网,Yahoo
微软,三家
微软,Yahoo
三家,Yahoo
美国,大学
美国,旧金山
美国,伯克利
美国,约翰霍普金斯
美国,哈佛大学
大学,旧金山
大学,伯克利
大学,约翰霍普金斯
大学,哈佛大学
旧金山,伯克利
旧金山,约翰霍普金斯
旧金山,哈佛大学
伯克利,约翰霍普金斯
伯克利,哈佛大学
约翰霍普金斯,哈佛大学
基因,美国
基因,公司
基因,食品
基因,旧金山
基因,药品
基因,典型
基因,管理局
基因,科技
美国,公司
美国,食品
美国,旧金山
美国,药品
美国,典型
美国,管理局
美国,科技
公司,食品
公司,旧金山
公司,药品
公司,典型
公司,管理局
公司,科技
食品,旧金山
食品,药品
食品,典型
食品,管理局
食品,科技
旧金山,药品
旧金山,典型
旧金山,管理局
旧金山,科技
药品,典型
药品,管理局
药品,科技
典型,管理局
典型,科技
管理局,科技
美国,摩尔
美国,管理局
美国,药品
美国,食品
管理局,药品
管理局,食品
药品,食品
辉瑞,公司
辉瑞,默尔
公司,默尔
门槛,美国
门槛,公司
门槛,大学
门槛,强生
门槛,小
门槛,研究室
门槛,高达
美国,公司
美国,大学
美国,强生
美国,小
美国,研究室
美国,高达
公司,大学
公司,强生
公司,小
公司,研究室
公司,高达
大学,强生
大学,小
大学,研究室
大学,高达
强生,小
强生,研究室
强生,高达
小,研究室
小,高达
研究室,高达
规模,美国
规模,Google
规模,英特尔
规模,公司
规模,微软
规模,伯克利
规模,斯坦福
规模,地方
规模,思科
美国,Google
美国,英特尔
美国,公司
美国,微软
美国,伯克利
美国,斯坦福
美国,地方
美国,思科
Google,英特尔
Google,公司
Google,微软
Google,伯克利
Google,斯坦福
Google,地方
Google,思科
英特尔,公司
英特尔,微软
英特尔,伯克利
英特尔,斯坦福
英特尔,地方
英特尔,思科
公司,微软
公司,伯克利
公司,斯坦福
公司,地方
公司,思科
微软,伯克利
微软,斯坦福
微软,地方
微软,思科
伯克利,斯坦福
伯克利,地方
伯克利,思科
斯坦福,地方
斯坦福,思科
地方,思科
旧金山,匹兹堡
奥地利,茨威格
公司,SunMicrosystems
公司,可能
公司,微软
公司,网景
公司,Netscape
公司,太阳
公司,Novell
公司,RealNetworks
SunMicrosystems,可能
SunMicrosystems,微软
SunMicrosystems,网景
SunMicrosystems,Netscape
SunMicrosystems,太阳
SunMicrosystems,Novell
SunMicrosystems,RealNetworks
可能,微软
可能,网景
可能,Netscape
可能,太阳
可能,Novell
可能,RealNetworks
微软,网景
微软,Netscape
微软,太阳
微软,Novell
微软,RealNetworks
网景,Netscape
网景,太阳
网景,Novell
网景,RealNetworks
Netscape,太阳
Netscape,Novell
Netscape,RealNetworks
太阳,Novell
太阳,RealNetworks
Novell,RealNetworks
施密特,公司
施密特,中国
施密特,微软
施密特,罗森
施密特,斯坦福大学
施密特,埃里克
施密特,韦恩
施密特,太阳
公司,中国
公司,微软
公司,罗森
公司,斯坦福大学
公司,埃里克
公司,韦恩
公司,太阳
中国,微软
中国,罗森
中国,斯坦福大学
中国,埃里克
中国,韦恩
中国,太阳
微软,罗森
微软,斯坦福大学
微软,埃里克
微软,韦恩
微软,太阳
罗森,斯坦福大学
罗森,埃里克
罗森,韦恩
罗森,太阳
斯坦福大学,埃里克
斯坦福大学,韦恩
斯坦福大学,太阳
埃里克,韦恩
埃里克,太阳
韦恩,太阳
学校,托森
学校,斯坦福大学
学校,毕业生
学校,斯科特
学校,贝克
学校,斯坦福
学校,马可尼
托森,斯坦福大学
托森,毕业生
托森,斯科特
托森,贝克
托森,斯坦福
托森,马可尼
斯坦福大学,毕业生
斯坦福大学,斯科特
斯坦福大学,贝克
斯坦福大学,斯坦福
斯坦福大学,马可尼
毕业生,斯科特
毕业生,贝克
毕业生,斯坦福
毕业生,马可尼
斯科特,贝克
斯科特,斯坦福
斯科特,马可尼
贝克,斯坦福
贝克,马可尼
斯坦福,马可尼
DEC,公司
微软,比尔盖茨
微软,盖茨
比尔盖茨,盖茨
太阳,英特尔
太阳,公司
太阳,欧洲
太阳,联盟
太阳,富国
太阳,西班牙
太阳,微软
太阳,无敌舰队
太阳,马可尼
太阳,沦为
太阳,穷国
英特尔,公司
英特尔,欧洲
英特尔,联盟
英特尔,富国
英特尔,西班牙
英特尔,微软
英特尔,无敌舰队
英特尔,马可尼
英特尔,沦为
英特尔,穷国
公司,欧洲
公司,联盟
公司,富国
公司,西班牙
公司,微软
公司,无敌舰队
公司,马可尼
公司,沦为
公司,穷国
欧洲,联盟
欧洲,富国
欧洲,西班牙
欧洲,微软
欧洲,无敌舰队
欧洲,马可尼
欧洲,沦为
欧洲,穷国
联盟,富国
联盟,西班牙
联盟,微软
联盟,无敌舰队
联盟,马可尼
联盟,沦为
联盟,穷国
富国,西班牙
富国,微软
富国,无敌舰队
富国,马可尼
富国,沦为
富国,穷国
西班牙,微软
西班牙,无敌舰队
西班牙,马可尼
西班牙,沦为
西班牙,穷国
微软,无敌舰队
微软,马可尼
微软,沦为
微软,穷国
无敌舰队,马可尼
无敌舰队,沦为
无敌舰队,穷国
马可尼,沦为
马可尼,穷国
沦为,穷国
施密特,马可尼
施密特,施瓦茨
马可尼,施瓦茨
位置,公司
位置,微软
位置,Unix
位置,太阳
公司,微软
公司,Unix
公司,太阳
微软,Unix
微软,太阳
Unix,太阳
服务器,公司
服务器,IBM
服务器,Linux
服务器,太阳
公司,IBM
公司,Linux
公司,太阳
IBM,Linux
IBM,太阳
Linux,太阳
马可尼,太阳
马可尼,公司
太阳,公司
公司,SGI
公司,AT&T
公司,IBM
公司,Borland
公司,马可尼
公司,Adobe
SGI,AT&T
SGI,IBM
SGI,Borland
SGI,马可尼
SGI,Adobe
AT&T,IBM
AT&T,Borland
AT&T,马可尼
AT&T,Adobe
IBM,Borland
IBM,马可尼
IBM,Adobe
Borland,马可尼
Borland,Adobe
马可尼,Adobe
盖茨,华尔街
美国,公司
美国,加州
美国,微软
美国,License
美国,太阳
公司,加州
公司,微软
公司,License
公司,太阳
加州,微软
加州,License
加州,太阳
微软,License
微软,太阳
License,太阳
美国,公司
美国,中国
美国,微软
美国,购买
美国,IBM
美国,太阳
公司,中国
公司,微软
公司,购买
公司,IBM
公司,太阳
中国,微软
中国,购买
中国,IBM
中国,太阳
微软,购买
微软,IBM
微软,太阳
购买,IBM
购买,太阳
IBM,太阳
公司,舒
公司,举措
公司,微软
公司,Solaris
公司,马可尼
公司,瓦茨
公司,太阳
舒,举措
舒,微软
舒,Solaris
舒,马可尼
舒,瓦茨
舒,太阳
举措,微软
举措,Solaris
举措,马可尼
举措,瓦茨
举措,太阳
微软,Solaris
微软,马可尼
微软,瓦茨
微软,太阳
Solaris,马可尼
Solaris,瓦茨
Solaris,太阳
马可尼,瓦茨
马可尼,太阳
瓦茨,太阳
施密特,复苏
施密特,美国
施密特,公司
施密特,韦恩
施密特,微软
施密特,罗森
施密特,经济
施密特,为荣
施密特,马可尼
施密特,太阳
复苏,美国
复苏,公司
复苏,韦恩
复苏,微软
复苏,罗森
复苏,经济
复苏,为荣
复苏,马可尼
复苏,太阳
美国,公司
美国,韦恩
美国,微软
美国,罗森
美国,经济
美国,为荣
美国,马可尼
美国,太阳
公司,韦恩
公司,微软
公司,罗森
公司,经济
公司,为荣
公司,马可尼
公司,太阳
韦恩,微软
韦恩,罗森
韦恩,经济
韦恩,为荣
韦恩,马可尼
韦恩,太阳
微软,罗森
微软,经济
微软,为荣
微软,马可尼
微软,太阳
罗森,经济
罗森,为荣
罗森,马可尼
罗森,太阳
经济,为荣
经济,马可尼
经济,太阳
为荣,马可尼
为荣,太阳
马可尼,太阳
微软,美国
服务器,微软
服务器,IBM
服务器,公司
微软,IBM
微软,公司
IBM,公司
软硬件,太阳
软硬件,公司
软硬件,大大小小
软硬件,硬件
软硬件,工作站
软硬件,软件
软硬件,三足鼎立
软硬件,微软
软硬件,IBM
软硬件,Unix
软硬件,局面
软硬件,相关
太阳,公司
太阳,大大小小
太阳,硬件
太阳,工作站
太阳,软件
太阳,三足鼎立
太阳,微软
太阳,IBM
太阳,Unix
太阳,局面
太阳,相关
公司,大大小小
公司,硬件
公司,工作站
公司,软件
公司,三足鼎立
公司,微软
公司,IBM
公司,Unix
公司,局面
公司,相关
大大小小,硬件
大大小小,工作站
大大小小,软件
大大小小,三足鼎立
大大小小,微软
大大小小,IBM
大大小小,Unix
大大小小,局面
大大小小,相关
硬件,工作站
硬件,软件
硬件,三足鼎立
硬件,微软
硬件,IBM
硬件,Unix
硬件,局面
硬件,相关
工作站,软件
工作站,三足鼎立
工作站,微软
工作站,IBM
工作站,Unix
工作站,局面
工作站,相关
软件,三足鼎立
软件,微软
软件,IBM
软件,Unix
软件,局面
软件,相关
三足鼎立,微软
三足鼎立,IBM
三足鼎立,Unix
三足鼎立,局面
三足鼎立,相关
微软,IBM
微软,Unix
微软,局面
微软,相关
IBM,Unix
IBM,局面
IBM,相关
Unix,局面
Unix,相关
局面,相关
微软,公司
微软,竞争
微软,太阳
公司,竞争
公司,太阳
竞争,太阳
微软,Novell
微软,公司
Novell,公司
Novell,公司
公司,帕洛
公司,DEC
公司,3Com
公司,IBM
公司,3COM
帕洛,DEC
帕洛,3Com
帕洛,IBM
帕洛,3COM
DEC,3Com
DEC,IBM
DEC,3COM
3Com,IBM
3Com,3COM
IBM,3COM
DEC,公司
微软,公司
微软,统一
微软,Novell
微软,3COM
公司,统一
公司,Novell
公司,3COM
统一,Novell
统一,3COM
Novell,3COM
Novell,于微软
Novell,公司
于微软,公司
公司,于微软
公司,微软
公司,3COM
公司,Novell
公司,中关村
于微软,微软
于微软,3COM
于微软,Novell
于微软,中关村
微软,3COM
微软,Novell
微软,中关村
3COM,Novell
3COM,中关村
Novell,中关村
微软,AT&T
美国司法部,微软
美国司法部,盖茨
美国司法部,布什
微软,盖茨
微软,布什
盖茨,布什
公司,微软
公司,风头
公司,速度
公司,发展
公司,盖
微软,风头
微软,速度
微软,发展
微软,盖
风头,速度
风头,发展
风头,盖
速度,发展
速度,盖
发展,盖
盖茨,高盛
盖茨,公司
盖茨,微软
盖茨,克拉克
盖茨,华尔街
高盛,公司
高盛,微软
高盛,克拉克
高盛,华尔街
公司,微软
公司,克拉克
公司,华尔街
微软,克拉克
微软,华尔街
克拉克,华尔街
微软,盖茨
微软,公司
微软,莲花
盖茨,公司
盖茨,莲花
公司,莲花
盖茨,美国
盖茨,日本
盖茨,微软
盖茨,布林
盖茨,珍珠港
美国,日本
美国,微软
美国,布林
美国,珍珠港
日本,微软
日本,布林
日本,珍珠港
微软,布林
微软,珍珠港
布林,珍珠港
微软,旧金山
微软,康奈尔
微软,和耶鲁
旧金山,康奈尔
旧金山,和耶鲁
康奈尔,和耶鲁
微软,盖茨
美国司法部,微软
美国司法部,盖茨
微软,盖茨
盖茨,巴克斯
盖茨,美国
盖茨,太阳
盖茨,公司
盖茨,美国司法部
盖茨,戴尔
盖茨,微软
盖茨,马可尼
盖茨,代尔
巴克斯,美国
巴克斯,太阳
巴克斯,公司
巴克斯,美国司法部
巴克斯,戴尔
巴克斯,微软
巴克斯,马可尼
巴克斯,代尔
美国,太阳
美国,公司
美国,美国司法部
美国,戴尔
美国,微软
美国,马可尼
美国,代尔
太阳,公司
太阳,美国司法部
太阳,戴尔
太阳,微软
太阳,马可尼
太阳,代尔
公司,美国司法部
公司,戴尔
公司,微软
公司,马可尼
公司,代尔
美国司法部,戴尔
美国司法部,微软
美国司法部,马可尼
美国司法部,代尔
戴尔,微软
戴尔,马可尼
戴尔,代尔
微软,马可尼
微软,代尔
马可尼,代尔
微软,佩奇
微软,华尔街
微软,佩奇
微软,拉里
华尔街,佩奇
华尔街,拉里
佩奇,拉里
微软,佩奇
微软,于微软
微软,莲花
微软,公司
微软,佩奇
于微软,莲花
于微软,公司
于微软,佩奇
莲花,公司
莲花,佩奇
公司,佩奇
微软,于微软
巴克斯,费罗
巴克斯,致远
巴克斯,佩奇
巴克斯,杨
巴克斯,代尔
费罗,致远
费罗,佩奇
费罗,杨
费罗,代尔
致远,佩奇
致远,杨
致远,代尔
佩奇,杨
佩奇,代尔
杨,代尔
微软,奇高
微软,公司
奇高,公司
微软,史密斯
微软,杰克
史密斯,杰克
微软,赛门铁克
微软,公司
赛门铁克,公司
MP3,公司
MP3,音乐
公司,音乐
霍夫,德国
微软,公司
微软,RealNetworks
公司,RealNetworks
微软,美国
微软,公司
微软,人办
公司,人办
微软,美国
美国,中国
美国,黑格尔
美国,恩格斯
黑格尔,恩格斯
未上市,美国
未上市,英国
美国,英国
美国,公司
美国,超低价
美国,巴菲特
美国,收购
美国,地以
公司,超低价
公司,巴菲特
公司,收购
公司,地以
超低价,巴菲特
超低价,收购
超低价,地以
巴菲特,收购
巴菲特,地以
收购,地以
大学,美国
斯坦福大学,欧洲
斯坦福大学,美国
斯坦福大学,印度
斯坦福大学,中国
欧洲,美国
欧洲,印度
欧洲,中国
美国,印度
美国,中国
印度,中国
下市,汉堡
下市,王
汉堡,王
斯坦福大学,基金会
斯坦福大学,哈佛大学
基金会,哈佛大学
美国,巴哈马
美国,法律
美国,公司
美国,纽约
美国,加州
美国,特拉华州
美国,开曼群岛
美国,规定
巴哈马,法律
巴哈马,公司
巴哈马,纽约
巴哈马,加州
巴哈马,特拉华州
巴哈马,开曼群岛
巴哈马,规定
法律,公司
法律,纽约
法律,加州
法律,特拉华州
法律,开曼群岛
法律,规定
公司,纽约
公司,加州
公司,特拉华州
公司,开曼群岛
公司,规定
纽约,加州
纽约,特拉华州
纽约,开曼群岛
纽约,规定
加州,特拉华州
加州,开曼群岛
加州,规定
特拉华州,开曼群岛
特拉华州,规定
开曼群岛,规定
约翰,朱敏
约翰,中国
约翰,斯坦福大学
约翰,伯乐
约翰,多尔
朱敏,中国
朱敏,斯坦福大学
朱敏,伯乐
朱敏,多尔
中国,斯坦福大学
中国,伯乐
中国,多尔
斯坦福大学,伯乐
斯坦福大学,多尔
伯乐,多尔
公司,风投
利兹,约翰
利兹,莫
约翰,莫
美国,公司
美国,强尼
美国,亚平
美国,山姆
美国,IBM
美国,新兴
美国,科技
公司,强尼
公司,亚平
公司,山姆
公司,IBM
公司,新兴
公司,科技
强尼,亚平
强尼,山姆
强尼,IBM
强尼,新兴
强尼,科技
亚平,山姆
亚平,IBM
亚平,新兴
亚平,科技
山姆,IBM
山姆,新兴
山姆,科技
IBM,新兴
IBM,科技
新兴,科技
强尼,迪克
强尼,迪克
斯坦福大学,查理曼
斯坦福大学,亚平
查理曼,亚平
和亚平,迪克
和亚平,通科技
和亚平,山姆
和亚平,赛
和亚平,董事会
和亚平,有限公司
和亚平,特拉华州
和亚平,注册
迪克,通科技
迪克,山姆
迪克,赛
迪克,董事会
迪克,有限公司
迪克,特拉华州
迪克,注册
通科技,山姆
通科技,赛
通科技,董事会
通科技,有限公司
通科技,特拉华州
通科技,注册
山姆,赛
山姆,董事会
山姆,有限公司
山姆,特拉华州
山姆,注册
赛,董事会
赛,有限公司
赛,特拉华州
赛,注册
董事会,有限公司
董事会,特拉华州
董事会,注册
有限公司,特拉华州
有限公司,注册
特拉华州,注册
前博通,公司
前博通,比尔
公司,比尔
公司,创始人
公司,领域
公司,台湾
公司,最大
创始人,领域
创始人,台湾
创始人,最大
领域,台湾
领域,最大
台湾,最大
很广,公司
很广,新兴
公司,新兴
.,贝克
.,安迪
.,托森
贝克,安迪
贝克,托森
安迪,托森
微软,公司
微软,Google
微软,中国
公司,Google
公司,中国
Google,中国
斯坦福,新创
斯坦福,公司
新创,公司
新创,公司
美国,公司
美国,风投
美国,洛杉矶
美国,中国
美国,加州
美国,奥尼尔
美国,好莱坞
美国,重要
美国,施瓦辛格
美国,门路
公司,风投
公司,洛杉矶
公司,中国
公司,加州
公司,奥尼尔
公司,好莱坞
公司,重要
公司,施瓦辛格
公司,门路
风投,洛杉矶
风投,中国
风投,加州
风投,奥尼尔
风投,好莱坞
风投,重要
风投,施瓦辛格
风投,门路
洛杉矶,中国
洛杉矶,加州
洛杉矶,奥尼尔
洛杉矶,好莱坞
洛杉矶,重要
洛杉矶,施瓦辛格
洛杉矶,门路
中国,加州
中国,奥尼尔
中国,好莱坞
中国,重要
中国,施瓦辛格
中国,门路
加州,奥尼尔
加州,好莱坞
加州,重要
加州,施瓦辛格
加州,门路
奥尼尔,好莱坞
奥尼尔,重要
奥尼尔,施瓦辛格
奥尼尔,门路
好莱坞,重要
好莱坞,施瓦辛格
好莱坞,门路
重要,施瓦辛格
重要,门路
施瓦辛格,门路
乔布斯,公司
乔布斯,新兴
公司,新兴
AT&T,公司
公司,风投
利兹,未上市
利兹,公司
利兹,莫
未上市,公司
未上市,莫
公司,莫
美国,公司
美国,SanDisk
美国,向北
美国,中国
美国,科技
美国,华尔街
美国,巴尔的摩
公司,SanDisk
公司,向北
公司,中国
公司,科技
公司,华尔街
公司,巴尔的摩
SanDisk,向北
SanDisk,中国
SanDisk,科技
SanDisk,华尔街
SanDisk,巴尔的摩
向北,中国
向北,科技
向北,华尔街
向北,巴尔的摩
中国,科技
中国,华尔街
中国,巴尔的摩
科技,华尔街
科技,巴尔的摩
华尔街,巴尔的摩
公司,SequoiaCapital
公司,加州
公司,唐纳德
公司,中国
公司,凡伦汀
SequoiaCapital,加州
SequoiaCapital,唐纳德
SequoiaCapital,中国
SequoiaCapital,凡伦汀
加州,唐纳德
加州,中国
加州,凡伦汀
唐纳德,中国
唐纳德,凡伦汀
中国,凡伦汀
利兹,美国
利兹,以色列
利兹,印度
利兹,中国
利兹,麦克
利兹,凡伦汀
美国,以色列
美国,印度
美国,中国
美国,麦克
美国,凡伦汀
以色列,印度
以色列,中国
以色列,麦克
以色列,凡伦汀
印度,中国
印度,麦克
印度,凡伦汀
中国,麦克
中国,凡伦汀
麦克,凡伦汀
北京,霄云路
北京,朝阳区
北京,中国
霄云路,朝阳区
霄云路,中国
朝阳区,中国
南京,上海
南京,中国
南京,西路
上海,中国
上海,西路
中国,西路
公司,亚马逊
公司,Amazon
公司,著名
公司,网景
亚马逊,Amazon
亚马逊,著名
亚马逊,网景
Amazon,著名
Amazon,网景
著名,网景
美国,证监会
美国,公司
美国,约翰
美国,贝叶斯
美国,鲍威尔
美国,戈尔
美国,布鲁克
美国,太阳
美国,多尔
公司,约翰
公司,贝叶斯
公司,鲍威尔
公司,戈尔
公司,布鲁克
公司,太阳
公司,多尔
约翰,贝叶斯
约翰,鲍威尔
约翰,戈尔
约翰,布鲁克
约翰,太阳
约翰,多尔
贝叶斯,鲍威尔
贝叶斯,戈尔
贝叶斯,布鲁克
贝叶斯,太阳
贝叶斯,多尔
鲍威尔,戈尔
鲍威尔,布鲁克
鲍威尔,太阳
鲍威尔,多尔
戈尔,布鲁克
戈尔,太阳
戈尔,多尔
布鲁克,太阳
布鲁克,多尔
太阳,多尔
美国,中国
美国,斯坦福大学
美国,北京
美国,上海
美国,多尔
中国,斯坦福大学
中国,北京
中国,上海
中国,多尔
斯坦福大学,北京
斯坦福大学,上海
斯坦福大学,多尔
北京,上海
北京,多尔
上海,多尔
东长安街,北京
东长安街,东方广场
东长安街,一号
北京,东方广场
北京,一号
东方广场,一号
嘉华,1010
嘉华,中心
嘉华,淮海中路
1010,中心
1010,淮海中路
中心,淮海中路
美国,集团
美国,日本
美国,中国
美国,软银
美国,亚洲
集团,日本
集团,中国
集团,软银
集团,亚洲
日本,中国
日本,软银
日本,亚洲
中国,软银
中国,亚洲
软银,亚洲
美国,华尔街
乔布斯,斯
乔布斯,库利
斯,库利
斯,马首是瞻
斯,库利
马首是瞻,库利
微软,打压
微软,和斯
微软,公司
微软,剩下
打压,和斯
打压,公司
打压,剩下
和斯,公司
和斯,剩下
公司,剩下
游戏规则,华尔街
游戏规则,公司
游戏规则,英特尔
游戏规则,制定者
华尔街,公司
华尔街,英特尔
华尔街,制定者
公司,英特尔
公司,制定者
英特尔,制定者
微软,加州大学
微软,圣地亚哥
加州大学,圣地亚哥
政府,美国
政府,公司
政府,日本
政府,欧洲
政府,中国
政府,博通
政府,华尔街
美国,公司
美国,日本
美国,欧洲
美国,中国
美国,博通
美国,华尔街
公司,日本
公司,欧洲
公司,中国
公司,博通
公司,华尔街
日本,欧洲
日本,中国
日本,博通
日本,华尔街
欧洲,中国
欧洲,博通
欧洲,华尔街
中国,博通
中国,华尔街
博通,华尔街
石油,美国
石油,公司
石油,埃克森
石油,英国
石油,开采权
石油,成本
石油,俄国
石油,美孚
石油,油田
美国,公司
美国,埃克森
美国,英国
美国,开采权
美国,成本
美国,俄国
美国,美孚
美国,油田
公司,埃克森
公司,英国
公司,开采权
公司,成本
公司,俄国
公司,美孚
公司,油田
埃克森,英国
埃克森,开采权
埃克森,成本
埃克森,俄国
埃克森,美孚
埃克森,油田
英国,开采权
英国,成本
英国,俄国
英国,美孚
英国,油田
开采权,成本
开采权,俄国
开采权,美孚
开采权,油田
成本,俄国
成本,美孚
成本,油田
俄国,美孚
俄国,油田
美孚,油田
公司,制表
公司,软件
公司,微软
公司,莲花
公司,亨利
制表,软件
制表,微软
制表,莲花
制表,亨利
软件,微软
软件,莲花
软件,亨利
微软,莲花
微软,亨利
莲花,亨利
联想,惠普
联想,公司
联想,戴尔
惠普,公司
惠普,戴尔
公司,戴尔
委员会,美国
委员会,中国
委员会,微软
委员会,司法部
委员会,反托拉斯
委员会,欧盟
美国,中国
美国,微软
美国,司法部
美国,反托拉斯
美国,欧盟
中国,微软
中国,司法部
中国,反托拉斯
中国,欧盟
微软,司法部
微软,反托拉斯
微软,欧盟
司法部,反托拉斯
司法部,欧盟
反托拉斯,欧盟
协会,美国
协会,诺威
协会,彼得
协会,计算机
协会,格
美国,诺威
美国,彼得
美国,计算机
美国,格
诺威,彼得
诺威,计算机
诺威,格
彼得,计算机
彼得,格
计算机,格
辛弃疾,公司
辛弃疾,华尔街
辛弃疾,预期
公司,华尔街
公司,预期
华尔街,预期
乌尔斯,公司
乌尔斯,亿美元
乌尔斯,霍尔茨
乌尔斯,佩奇
公司,亿美元
公司,霍尔茨
公司,佩奇
亿美元,霍尔茨
亿美元,佩奇
霍尔茨,佩奇
Nelsen,第三方
Nelsen,公司
Nelsen,Hitwise
第三方,公司
第三方,Hitwise
公司,Hitwise
美国,朗讯
美国,公司
朗讯,公司
美国,公司
美国,电子
美国,汽车
美国,最大
美国,休斯
公司,电子
公司,汽车
公司,最大
公司,休斯
电子,汽车
电子,最大
电子,休斯
汽车,最大
汽车,休斯
最大,休斯
众多,美国
众多,跨国公司
众多,公司
众多,电子
众多,长城
众多,中国
众多,主导
众多,沃尔玛
众多,马丁
众多,全球
众多,德尔克
众多,通信卫星
众多,格鲁曼
众多,洛克希德
众多,制造
众多,休斯
美国,跨国公司
美国,公司
美国,电子
美国,长城
美国,中国
美国,主导
美国,沃尔玛
美国,马丁
美国,全球
美国,德尔克
美国,通信卫星
美国,格鲁曼
美国,洛克希德
美国,制造
美国,休斯
跨国公司,公司
跨国公司,电子
跨国公司,长城
跨国公司,中国
跨国公司,主导
跨国公司,沃尔玛
跨国公司,马丁
跨国公司,全球
跨国公司,德尔克
跨国公司,通信卫星
跨国公司,格鲁曼
跨国公司,洛克希德
跨国公司,制造
跨国公司,休斯
公司,电子
公司,长城
公司,中国
公司,主导
公司,沃尔玛
公司,马丁
公司,全球
公司,德尔克
公司,通信卫星
公司,格鲁曼
公司,洛克希德
公司,制造
公司,休斯
电子,长城
电子,中国
电子,主导
电子,沃尔玛
电子,马丁
电子,全球
电子,德尔克
电子,通信卫星
电子,格鲁曼
电子,洛克希德
电子,制造
电子,休斯
长城,中国
长城,主导
长城,沃尔玛
长城,马丁
长城,全球
长城,德尔克
长城,通信卫星
长城,格鲁曼
长城,洛克希德
长城,制造
长城,休斯
中国,主导
中国,沃尔玛
中国,马丁
中国,全球
中国,德尔克
中国,通信卫星
中国,格鲁曼
中国,洛克希德
中国,制造
中国,休斯
主导,沃尔玛
主导,马丁
主导,全球
主导,德尔克
主导,通信卫星
主导,格鲁曼
主导,洛克希德
主导,制造
主导,休斯
沃尔玛,马丁
沃尔玛,全球
沃尔玛,德尔克
沃尔玛,通信卫星
沃尔玛,格鲁曼
沃尔玛,洛克希德
沃尔玛,制造
沃尔玛,休斯
马丁,全球
马丁,德尔克
马丁,通信卫星
马丁,格鲁曼
马丁,洛克希德
马丁,制造
马丁,休斯
全球,德尔克
全球,通信卫星
全球,格鲁曼
全球,洛克希德
全球,制造
全球,休斯
德尔克,通信卫星
德尔克,格鲁曼
德尔克,洛克希德
德尔克,制造
德尔克,休斯
通信卫星,格鲁曼
通信卫星,洛克希德
通信卫星,制造
通信卫星,休斯
格鲁曼,洛克希德
格鲁曼,制造
格鲁曼,休斯
洛克希德,制造
洛克希德,休斯
制造,休斯
雷神,美国
雷神,集团
雷神,公司
雷神,长城
雷神,新闻
雷神,默多克
雷神,卡迪拉克
雷神,休斯
美国,集团
美国,公司
美国,长城
美国,新闻
美国,默多克
美国,卡迪拉克
美国,休斯
集团,公司
集团,长城
集团,新闻
集团,默多克
集团,卡迪拉克
集团,休斯
公司,长城
公司,新闻
公司,默多克
公司,卡迪拉克
公司,休斯
长城,新闻
长城,默多克
长城,卡迪拉克
长城,休斯
新闻,默多克
新闻,卡迪拉克
新闻,休斯
默多克,卡迪拉克
默多克,休斯
卡迪拉克,休斯
休斯,公司
卡斯帕罗夫,伍兹
风格,谷歌
风格,李开复
风格,中国
风格,一定
风格,微软
风格,分公司
谷歌,李开复
谷歌,中国
谷歌,一定
谷歌,微软
谷歌,分公司
李开复,中国
李开复,一定
李开复,微软
李开复,分公司
中国,一定
中国,微软
中国,分公司
一定,微软
一定,分公司
微软,分公司
IBM,公司
AT&T,美国
微软,约翰逊
微软,华尔街
约翰逊,华尔街
盖茨,鼠标
盖茨,两键
盖茨,微软
盖茨,三键
盖茨,托什
盖茨,乔布斯
鼠标,两键
鼠标,微软
鼠标,三键
鼠标,托什
鼠标,乔布斯
两键,微软
两键,三键
两键,托什
两键,乔布斯
微软,三键
微软,托什
微软,乔布斯
三键,托什
三键,乔布斯
托什,乔布斯
快得多,公司
斯坦福大学,公司
斯坦福大学,高科技
公司,高科技
谷歌,惠普公司
谷歌,世界
谷歌,公司
谷歌,Nike
谷歌,JimAllchin
谷歌,商业界
谷歌,最大
谷歌,微软
谷歌,斯坦福大学
谷歌,科技界
谷歌,视频
谷歌,思科公司
谷歌,斯坦福
谷歌,显卡
谷歌,太阳
谷歌,电话会议
惠普公司,世界
惠普公司,公司
惠普公司,Nike
惠普公司,JimAllchin
惠普公司,商业界
惠普公司,最大
惠普公司,微软
惠普公司,斯坦福大学
惠普公司,科技界
惠普公司,视频
惠普公司,思科公司
惠普公司,斯坦福
惠普公司,显卡
惠普公司,太阳
惠普公司,电话会议
世界,公司
世界,Nike
世界,JimAllchin
世界,商业界
世界,最大
世界,微软
世界,斯坦福大学
世界,科技界
世界,视频
世界,思科公司
世界,斯坦福
世界,显卡
世界,太阳
世界,电话会议
公司,Nike
公司,JimAllchin
公司,商业界
公司,最大
公司,微软
公司,斯坦福大学
公司,科技界
公司,视频
公司,思科公司
公司,斯坦福
公司,显卡
公司,太阳
公司,电话会议
Nike,JimAllchin
Nike,商业界
Nike,最大
Nike,微软
Nike,斯坦福大学
Nike,科技界
Nike,视频
Nike,思科公司
Nike,斯坦福
Nike,显卡
Nike,太阳
Nike,电话会议
JimAllchin,商业界
JimAllchin,最大
JimAllchin,微软
JimAllchin,斯坦福大学
JimAllchin,科技界
JimAllchin,视频
JimAllchin,思科公司
JimAllchin,斯坦福
JimAllchin,显卡
JimAllchin,太阳
JimAllchin,电话会议
商业界,最大
商业界,微软
商业界,斯坦福大学
商业界,科技界
商业界,视频
商业界,思科公司
商业界,斯坦福
商业界,显卡
商业界,太阳
商业界,电话会议
最大,微软
最大,斯坦福大学
最大,科技界
最大,视频
最大,思科公司
最大,斯坦福
最大,显卡
最大,太阳
最大,电话会议
微软,斯坦福大学
微软,科技界
微软,视频
微软,思科公司
微软,斯坦福
微软,显卡
微软,太阳
微软,电话会议
斯坦福大学,科技界
斯坦福大学,视频
斯坦福大学,思科公司
斯坦福大学,斯坦福
斯坦福大学,显卡
斯坦福大学,太阳
斯坦福大学,电话会议
科技界,视频
科技界,思科公司
科技界,斯坦福
科技界,显卡
科技界,太阳
科技界,电话会议
视频,思科公司
视频,斯坦福
视频,显卡
视频,太阳
视频,电话会议
思科公司,斯坦福
思科公司,显卡
思科公司,太阳
思科公司,电话会议
斯坦福,显卡
斯坦福,太阳
斯坦福,电话会议
显卡,太阳
显卡,电话会议
太阳,电话会议
哈佛,哈佛大学
美国,花旗银行
美国,帕洛
美国,蛮夷
美国,大学
美国,加州
美国,中国
美国,最大
美国,斯坦福大学
美国,银行
美国,约翰霍普金斯
美国,斯坦福
美国,美国大学
美国,哈佛大学
美国,阿图市
美国,霍普金斯
花旗银行,帕洛
花旗银行,蛮夷
花旗银行,大学
花旗银行,加州
花旗银行,中国
花旗银行,最大
花旗银行,斯坦福大学
花旗银行,银行
花旗银行,约翰霍普金斯
花旗银行,斯坦福
花旗银行,美国大学
花旗银行,哈佛大学
花旗银行,阿图市
花旗银行,霍普金斯
帕洛,蛮夷
帕洛,大学
帕洛,加州
帕洛,中国
帕洛,最大
帕洛,斯坦福大学
帕洛,银行
帕洛,约翰霍普金斯
帕洛,斯坦福
帕洛,美国大学
帕洛,哈佛大学
帕洛,阿图市
帕洛,霍普金斯
蛮夷,大学
蛮夷,加州
蛮夷,中国
蛮夷,最大
蛮夷,斯坦福大学
蛮夷,银行
蛮夷,约翰霍普金斯
蛮夷,斯坦福
蛮夷,美国大学
蛮夷,哈佛大学
蛮夷,阿图市
蛮夷,霍普金斯
大学,加州
大学,中国
大学,最大
大学,斯坦福大学
大学,银行
大学,约翰霍普金斯
大学,斯坦福
大学,美国大学
大学,哈佛大学
大学,阿图市
大学,霍普金斯
加州,中国
加州,最大
加州,斯坦福大学
加州,银行
加州,约翰霍普金斯
加州,斯坦福
加州,美国大学
加州,哈佛大学
加州,阿图市
加州,霍普金斯
中国,最大
中国,斯坦福大学
中国,银行
中国,约翰霍普金斯
中国,斯坦福
中国,美国大学
中国,哈佛大学
中国,阿图市
中国,霍普金斯
最大,斯坦福大学
最大,银行
最大,约翰霍普金斯
最大,斯坦福
最大,美国大学
最大,哈佛大学
最大,阿图市
最大,霍普金斯
斯坦福大学,银行
斯坦福大学,约翰霍普金斯
斯坦福大学,斯坦福
斯坦福大学,美国大学
斯坦福大学,哈佛大学
斯坦福大学,阿图市
斯坦福大学,霍普金斯
银行,约翰霍普金斯
银行,斯坦福
银行,美国大学
银行,哈佛大学
银行,阿图市
银行,霍普金斯
约翰霍普金斯,斯坦福
约翰霍普金斯,美国大学
约翰霍普金斯,哈佛大学
约翰霍普金斯,阿图市
约翰霍普金斯,霍普金斯
斯坦福,美国大学
斯坦福,哈佛大学
斯坦福,阿图市
斯坦福,霍普金斯
美国大学,哈佛大学
美国大学,阿图市
美国大学,霍普金斯
哈佛大学,阿图市
哈佛大学,霍普金斯
阿图市,霍普金斯
美国,大学
美国,欧洲
美国,加州
美国,一所
美国,斯坦福大学
美国,兰德
美国,斯坦福
美国,老里
美国,小里
大学,欧洲
大学,加州
大学,一所
大学,斯坦福大学
大学,兰德
大学,斯坦福
大学,老里
大学,小里
欧洲,加州
欧洲,一所
欧洲,斯坦福大学
欧洲,兰德
欧洲,斯坦福
欧洲,老里
欧洲,小里
加州,一所
加州,斯坦福大学
加州,兰德
加州,斯坦福
加州,老里
加州,小里
一所,斯坦福大学
一所,兰德
一所,斯坦福
一所,老里
一所,小里
斯坦福大学,兰德
斯坦福大学,斯坦福
斯坦福大学,老里
斯坦福大学,小里
兰德,斯坦福
兰德,老里
兰德,小里
斯坦福,老里
斯坦福,小里
老里,小里
斯坦福,胡佛
斯坦福,美国
斯坦福,斯坦福大学
斯坦福,康奈尔大学
胡佛,美国
胡佛,斯坦福大学
胡佛,康奈尔大学
美国,斯坦福大学
美国,康奈尔大学
斯坦福大学,康奈尔大学
斯坦福,简
斯坦福,美国
斯坦福,斯坦福大学
斯坦福,乔丹
简,美国
简,斯坦福大学
简,乔丹
美国,斯坦福大学
美国,乔丹
斯坦福大学,乔丹
夫妇,美国
夫妇,克里夫兰
夫妇,公司
夫妇,乔丹
夫妇,铁路
夫妇,斯坦福大学
夫妇,华盛顿
夫妇,斯坦福
美国,克里夫兰
美国,公司
美国,乔丹
美国,铁路
美国,斯坦福大学
美国,华盛顿
美国,斯坦福
克里夫兰,公司
克里夫兰,乔丹
克里夫兰,铁路
克里夫兰,斯坦福大学
克里夫兰,华盛顿
克里夫兰,斯坦福
公司,乔丹
公司,铁路
公司,斯坦福大学
公司,华盛顿
公司,斯坦福
乔丹,铁路
乔丹,斯坦福大学
乔丹,华盛顿
乔丹,斯坦福
铁路,斯坦福大学
铁路,华盛顿
铁路,斯坦福
斯坦福大学,华盛顿
斯坦福大学,斯坦福
华盛顿,斯坦福
第一,知名
第一,大学
第一,哈佛
第一,斯坦福大学
第一,全球
第一,斯坦福
第一,清华大学
知名,大学
知名,哈佛
知名,斯坦福大学
知名,全球
知名,斯坦福
知名,清华大学
大学,哈佛
大学,斯坦福大学
大学,全球
大学,斯坦福
大学,清华大学
哈佛,斯坦福大学
哈佛,全球
哈佛,斯坦福
哈佛,清华大学
斯坦福大学,全球
斯坦福大学,斯坦福
斯坦福大学,清华大学
全球,斯坦福
全球,清华大学
斯坦福,清华大学
美国,普林斯顿
美国,大学
美国,哈佛
美国,斯坦福大学
美国,综合排名
美国,麻省
美国,斯坦福
美国,哈佛大学
美国,耶鲁大学
美国,和耶鲁
普林斯顿,大学
普林斯顿,哈佛
普林斯顿,斯坦福大学
普林斯顿,综合排名
普林斯顿,麻省
普林斯顿,斯坦福
普林斯顿,哈佛大学
普林斯顿,耶鲁大学
普林斯顿,和耶鲁
大学,哈佛
大学,斯坦福大学
大学,综合排名
大学,麻省
大学,斯坦福
大学,哈佛大学
大学,耶鲁大学
大学,和耶鲁
哈佛,斯坦福大学
哈佛,综合排名
哈佛,麻省
哈佛,斯坦福
哈佛,哈佛大学
哈佛,耶鲁大学
哈佛,和耶鲁
斯坦福大学,综合排名
斯坦福大学,麻省
斯坦福大学,斯坦福
斯坦福大学,哈佛大学
斯坦福大学,耶鲁大学
斯坦福大学,和耶鲁
综合排名,麻省
综合排名,斯坦福
综合排名,哈佛大学
综合排名,耶鲁大学
综合排名,和耶鲁
麻省,斯坦福
麻省,哈佛大学
麻省,耶鲁大学
麻省,和耶鲁
斯坦福,哈佛大学
斯坦福,耶鲁大学
斯坦福,和耶鲁
哈佛大学,耶鲁大学
哈佛大学,和耶鲁
耶鲁大学,和耶鲁
斯坦福,哈佛大学
斯坦福,斯坦福大学
哈佛大学,斯坦福大学
美国,普林斯顿
美国,康奈尔
美国,沃尔夫
美国,斯坦福大学
美国,校园
美国,斯坦福
美国,最美
美国,三个
普林斯顿,康奈尔
普林斯顿,沃尔夫
普林斯顿,斯坦福大学
普林斯顿,校园
普林斯顿,斯坦福
普林斯顿,最美
普林斯顿,三个
康奈尔,沃尔夫
康奈尔,斯坦福大学
康奈尔,校园
康奈尔,斯坦福
康奈尔,最美
康奈尔,三个
沃尔夫,斯坦福大学
沃尔夫,校园
沃尔夫,斯坦福
沃尔夫,最美
沃尔夫,三个
斯坦福大学,校园
斯坦福大学,斯坦福
斯坦福大学,最美
斯坦福大学,三个
校园,斯坦福
校园,最美
校园,三个
斯坦福,最美
斯坦福,三个
最美,三个
土地,美国
土地,私立
土地,大学
土地,加州
土地,亚洲
土地,斯坦福大学
土地,澳门
土地,斯坦福
土地,大小
土地,哈佛大学
土地,中心
美国,私立
美国,大学
美国,加州
美国,亚洲
美国,斯坦福大学
美国,澳门
美国,斯坦福
美国,大小
美国,哈佛大学
美国,中心
私立,大学
私立,加州
私立,亚洲
私立,斯坦福大学
私立,澳门
私立,斯坦福
私立,大小
私立,哈佛大学
私立,中心
大学,加州
大学,亚洲
大学,斯坦福大学
大学,澳门
大学,斯坦福
大学,大小
大学,哈佛大学
大学,中心
加州,亚洲
加州,斯坦福大学
加州,澳门
加州,斯坦福
加州,大小
加州,哈佛大学
加州,中心
亚洲,斯坦福大学
亚洲,澳门
亚洲,斯坦福
亚洲,大小
亚洲,哈佛大学
亚洲,中心
斯坦福大学,澳门
斯坦福大学,斯坦福
斯坦福大学,大小
斯坦福大学,哈佛大学
斯坦福大学,中心
澳门,斯坦福
澳门,大小
澳门,哈佛大学
澳门,中心
斯坦福,大小
斯坦福,哈佛大学
斯坦福,中心
大小,哈佛大学
大小,中心
哈佛大学,中心
弗里德里克,美国
弗里德里克,公司
弗里德里克,克利
弗里德里克,斯坦福大学
弗里德里克,晶体管
弗里德里克,曼
弗里德里克,斯坦福
弗里德里克,特尔
弗里德里克,洛克希德
美国,公司
美国,克利
美国,斯坦福大学
美国,晶体管
美国,曼
美国,斯坦福
美国,特尔
美国,洛克希德
公司,克利
公司,斯坦福大学
公司,晶体管
公司,曼
公司,斯坦福
公司,特尔
公司,洛克希德
克利,斯坦福大学
克利,晶体管
克利,曼
克利,斯坦福
克利,特尔
克利,洛克希德
斯坦福大学,晶体管
斯坦福大学,曼
斯坦福大学,斯坦福
斯坦福大学,特尔
斯坦福大学,洛克希德
晶体管,曼
晶体管,斯坦福
晶体管,特尔
晶体管,洛克希德
曼,斯坦福
曼,特尔
曼,洛克希德
斯坦福,特尔
斯坦福,洛克希德
特尔,洛克希德
斯坦福大学,公司
斯坦福大学,高科技
公司,高科技
斯坦福大学,纽约
斯坦福大学,美国
斯坦福大学,波士顿
纽约,美国
纽约,波士顿
美国,波士顿
波士顿,美国
波士顿,公司
波士顿,普林斯顿
波士顿,哈佛
波士顿,加州
波士顿,斯坦福大学
波士顿,小
波士顿,诞生
波士顿,斯坦福
波士顿,只能
波士顿,麻省理工学院
波士顿,哈佛大学
美国,公司
美国,普林斯顿
美国,哈佛
美国,加州
美国,斯坦福大学
美国,小
美国,诞生
美国,斯坦福
美国,只能
美国,麻省理工学院
美国,哈佛大学
公司,普林斯顿
公司,哈佛
公司,加州
公司,斯坦福大学
公司,小
公司,诞生
公司,斯坦福
公司,只能
公司,麻省理工学院
公司,哈佛大学
普林斯顿,哈佛
普林斯顿,加州
普林斯顿,斯坦福大学
普林斯顿,小
普林斯顿,诞生
普林斯顿,斯坦福
普林斯顿,只能
普林斯顿,麻省理工学院
普林斯顿,哈佛大学
哈佛,加州
哈佛,斯坦福大学
哈佛,小
哈佛,诞生
哈佛,斯坦福
哈佛,只能
哈佛,麻省理工学院
哈佛,哈佛大学
加州,斯坦福大学
加州,小
加州,诞生
加州,斯坦福
加州,只能
加州,麻省理工学院
加州,哈佛大学
斯坦福大学,小
斯坦福大学,诞生
斯坦福大学,斯坦福
斯坦福大学,只能
斯坦福大学,麻省理工学院
斯坦福大学,哈佛大学
小,诞生
小,斯坦福
小,只能
小,麻省理工学院
小,哈佛大学
诞生,斯坦福
诞生,只能
诞生,麻省理工学院
诞生,哈佛大学
斯坦福,只能
斯坦福,麻省理工学院
斯坦福,哈佛大学
只能,麻省理工学院
只能,哈佛大学
麻省理工学院,哈佛大学
美国,大都市
美国,普林斯顿
美国,安纳波利斯
美国,康奈尔
美国,中国大学
美国,大学
美国,哈佛
美国,Annapolis
美国,学院
美国,太低
美国,斯坦福
美国,哥伦比亚
美国,海军
大都市,普林斯顿
大都市,安纳波利斯
大都市,康奈尔
大都市,中国大学
大都市,大学
大都市,哈佛
大都市,Annapolis
大都市,学院
大都市,太低
大都市,斯坦福
大都市,哥伦比亚
大都市,海军
普林斯顿,安纳波利斯
普林斯顿,康奈尔
普林斯顿,中国大学
普林斯顿,大学
普林斯顿,哈佛
普林斯顿,Annapolis
普林斯顿,学院
普林斯顿,太低
普林斯顿,斯坦福
普林斯顿,哥伦比亚
普林斯顿,海军
安纳波利斯,康奈尔
安纳波利斯,中国大学
安纳波利斯,大学
安纳波利斯,哈佛
安纳波利斯,Annapolis
安纳波利斯,学院
安纳波利斯,太低
安纳波利斯,斯坦福
安纳波利斯,哥伦比亚
安纳波利斯,海军
康奈尔,中国大学
康奈尔,大学
康奈尔,哈佛
康奈尔,Annapolis
康奈尔,学院
康奈尔,太低
康奈尔,斯坦福
康奈尔,哥伦比亚
康奈尔,海军
中国大学,大学
中国大学,哈佛
中国大学,Annapolis
中国大学,学院
中国大学,太低
中国大学,斯坦福
中国大学,哥伦比亚
中国大学,海军
大学,哈佛
大学,Annapolis
大学,学院
大学,太低
大学,斯坦福
大学,哥伦比亚
大学,海军
哈佛,Annapolis
哈佛,学院
哈佛,太低
哈佛,斯坦福
哈佛,哥伦比亚
哈佛,海军
Annapolis,学院
Annapolis,太低
Annapolis,斯坦福
Annapolis,哥伦比亚
Annapolis,海军
学院,太低
学院,斯坦福
学院,哥伦比亚
学院,海军
太低,斯坦福
太低,哥伦比亚
太低,海军
斯坦福,哥伦比亚
斯坦福,海军
哥伦比亚,海军
美国,加州
美国,中国
美国,斯坦福大学
美国,华盛顿
美国,斯坦福
加州,中国
加州,斯坦福大学
加州,华盛顿
加州,斯坦福
中国,斯坦福大学
中国,华盛顿
中国,斯坦福
斯坦福大学,华盛顿
斯坦福大学,斯坦福
华盛顿,斯坦福
贾里,李开复
贾里,美国
贾里,尼克
贾里,中国
李开复,美国
李开复,尼克
李开复,中国
美国,尼克
美国,中国
尼克,中国
公司,美国
公司,是否
公司,Google
公司,高科技
美国,是否
美国,Google
美国,高科技
是否,Google
是否,高科技
Google,高科技
政府,美国
政府,尼克
政府,贾里
政府,斯坦福大学
政府,麻省
政府,斯坦福
美国,尼克
美国,贾里
美国,斯坦福大学
美国,麻省
美国,斯坦福
尼克,贾里
尼克,斯坦福大学
尼克,麻省
尼克,斯坦福
贾里,斯坦福大学
贾里,麻省
贾里,斯坦福
斯坦福大学,麻省
斯坦福大学,斯坦福
麻省,斯坦福
斯坦福大学,美国
美国,公司
美国,Avanta
美国,萨克
美国,约翰
美国,斯坦福大学
美国,斯坦福
美国,查菲
公司,Avanta
公司,萨克
公司,约翰
公司,斯坦福大学
公司,斯坦福
公司,查菲
Avanta,萨克
Avanta,约翰
Avanta,斯坦福大学
Avanta,斯坦福
Avanta,查菲
萨克,约翰
萨克,斯坦福大学
萨克,斯坦福
萨克,查菲
约翰,斯坦福大学
约翰,斯坦福
约翰,查菲
斯坦福大学,斯坦福
斯坦福大学,查菲
斯坦福,查菲
斯坦福,公司
斯坦福,约翰
斯坦福,斯坦福大学
斯坦福,MIPS
公司,约翰
公司,斯坦福大学
公司,MIPS
约翰,斯坦福大学
约翰,MIPS
斯坦福大学,MIPS
斯坦福,大学
美国,学费
美国,公司
美国,私立
美国,AT&T
美国,大学
美国,结合
美国,加拿大
美国,滑铁卢
美国,北美
学费,公司
学费,私立
学费,AT&T
学费,大学
学费,结合
学费,加拿大
学费,滑铁卢
学费,北美
公司,私立
公司,AT&T
公司,大学
公司,结合
公司,加拿大
公司,滑铁卢
公司,北美
私立,AT&T
私立,大学
私立,结合
私立,加拿大
私立,滑铁卢
私立,北美
AT&T,大学
AT&T,结合
AT&T,加拿大
AT&T,滑铁卢
AT&T,北美
大学,结合
大学,加拿大
大学,滑铁卢
大学,北美
结合,加拿大
结合,滑铁卢
结合,北美
加拿大,滑铁卢
加拿大,北美
滑铁卢,北美
斯坦福,公司
斯坦福,硅谷
斯坦福,斯坦福大学
斯坦福,两门课
公司,硅谷
公司,斯坦福大学
公司,两门课
硅谷,斯坦福大学
硅谷,两门课
斯坦福大学,两门课
斯坦福,美国
斯坦福,斯坦福大学
美国,斯坦福大学
美国,大学
美国,哈佛
美国,中国
美国,斯坦福大学
美国,麻省
美国,斯坦福
大学,哈佛
大学,中国
大学,斯坦福大学
大学,麻省
大学,斯坦福
哈佛,中国
哈佛,斯坦福大学
哈佛,麻省
哈佛,斯坦福
中国,斯坦福大学
中国,麻省
中国,斯坦福
斯坦福大学,麻省
斯坦福大学,斯坦福
麻省,斯坦福
Google,公司
Google,SGI
Google,互联网
Google,无数
Google,孕育出
Google,小
Google,思科公司
Google,斯坦福
Google,太阳
Google,雅虎
公司,SGI
公司,互联网
公司,无数
公司,孕育出
公司,小
公司,思科公司
公司,斯坦福
公司,太阳
公司,雅虎
SGI,互联网
SGI,无数
SGI,孕育出
SGI,小
SGI,思科公司
SGI,斯坦福
SGI,太阳
SGI,雅虎
互联网,无数
互联网,孕育出
互联网,小
互联网,思科公司
互联网,斯坦福
互联网,太阳
互联网,雅虎
无数,孕育出
无数,小
无数,思科公司
无数,斯坦福
无数,太阳
无数,雅虎
孕育出,小
孕育出,思科公司
孕育出,斯坦福
孕育出,太阳
孕育出,雅虎
小,思科公司
小,斯坦福
小,太阳
小,雅虎
思科公司,斯坦福
思科公司,太阳
思科公司,雅虎
斯坦福,太阳
斯坦福,雅虎
太阳,雅虎
斯坦福,美国
斯坦福,斯坦福大学
美国,斯坦福大学
欧洲,美国
欧洲,尼克
美国,尼克
